unit_code,organization_id,blood_group,component_type,collection_date,expiry_date,status,quality_testing_status,storage_location,source_donation_id
BU-A7F9D707,HOSP_E,O_POSITIVE,WHOLE_BLOOD,2024-12-08,2025-01-12,DISPATCHED,PASSED,Shelf-A1,DON_00090
BU-E550B1C5,HOSP_D,O_POSITIVE,WHOLE_BLOOD,2024-12-19,2025-01-23,AVAILABLE,PASSED,Shelf-A1,DON_00113
BU-C5695426,BB_B,B_POSITIVE,RBC,2024-12-14,2025-01-25,AVAILABLE,FAILED,Shelf-B1,DON_00329
BU-22227456,BB_B,O_NEGATIVE,PLATELETS,2024-12-26,2024-12-31,DISPATCHED,PASSED,Fridge-2,DON_00727
BU-30135125,BB_B,O_POSITIVE,PLATELETS,2024-12-29,2025-01-03,RECEIVED,PASSED,Shelf-A2,DON_00416
BU-90C395E8,HOSP_C,B_POSITIVE,PLATELETS,2024-12-29,2025-01-03,RESERVED,PASSED,Fridge-3,DON_00114
BU-749D75EC,HOSP_B,A_POSITIVE,PLASMA,2024-03-06,2025-03-06,USED,PENDING,Shelf-B2,DON_00784
BU-C399E861,HOSP_E,A_POSITIVE,PLASMA,2024-07-23,2025-07-23,AVAILABLE,PASSED,Shelf-C1,DON_00629
BU-A6DF568E,HOSP_E,B_POSITIVE,PLATELETS,2024-12-27,2025-01-01,AVAILABLE,PASSED,Fridge-1,DON_00697
BU-E9DFBCE4,HOSP_A,B_POSITIVE,RBC,2024-12-31,2025-02-11,USED,PASSED,Fridge-2,DON_00311
BU-030E161C,HOSP_C,A_POSITIVE,WHOLE_BLOOD,2024-12-30,2025-02-03,AVAILABLE,PASSED,Shelf-C1,DON_00311
BU-971D7C2F,HOSP_C,O_POSITIVE,RBC,2024-12-20,2025-01-31,AVAILABLE,REVIEW_REQUIRED,Shelf-A2,DON_00469
BU-87CD0051,BB_A,A_POSITIVE,PLATELETS,2024-12-31,2025-01-05,RECEIVED,REVIEW_REQUIRED,Shelf-B2,DON_00232
BU-C44DDAD3,BB_B,O_POSITIVE,PLASMA,2024-10-20,2025-10-20,AVAILABLE,REVIEW_REQUIRED,Shelf-A2,DON_00546
BU-A0069A00,HOSP_B,O_POSITIVE,RBC,2024-12-17,2025-01-28,AVAILABLE,PASSED,Shelf-C1,DON_00109
BU-E7BCB887,HOSP_B,O_POSITIVE,RBC,2024-12-15,2025-01-26,AVAILABLE,FAILED,Fridge-3,DON_00087
BU-665C33D4,HOSP_A,O_POSITIVE,PLATELETS,2024-12-26,2024-12-31,DISPATCHED,PASSED,Shelf-A2,DON_00461
BU-3B0DF59F,HOSP_B,A_POSITIVE,PLASMA,2024-03-18,2025-03-18,DISPATCHED,FAILED,Shelf-A1,DON_00128
BU-0B511527,BB_B,O_POSITIVE,RBC,2024-12-02,2025-01-13,AVAILABLE,PASSED,Fridge-2,DON_00583
BU-620C84CD,HOSP_D,O_NEGATIVE,WHOLE_BLOOD,2024-12-08,2025-01-12,EXPIRED,PENDING,Shelf-A2,DON_00544
BU-89A0FF2D,HOSP_A,O_POSITIVE,PLASMA,2024-10-30,2025-10-30,AVAILABLE,REVIEW_REQUIRED,Shelf-A1,DON_00310
BU-31E69A27,HOSP_A,B_POSITIVE,PLATELETS,2024-12-30,2025-01-04,RESERVED,PASSED,Fridge-1,DON_00020
BU-65A80FD0,BB_B,B_POSITIVE,RBC,2024-11-23,2025-01-04,AVAILABLE,PASSED,Fridge-2,DON_00177
BU-9612903A,BB_A,AB_POSITIVE,WHOLE_BLOOD,2024-12-28,2025-02-01,EXPIRED,PASSED,Shelf-B1,DON_00473
BU-CEC4EA79,HOSP_E,B_POSITIVE,WHOLE_BLOOD,2024-11-30,2025-01-04,AVAILABLE,FAILED,Shelf-A1,DON_00307
BU-8CB4872C,HOSP_C,O_POSITIVE,WHOLE_BLOOD,2024-12-15,2025-01-19,AVAILABLE,PASSED,Shelf-B2,DON_00132
BU-B8DAD1DB,HOSP_E,AB_POSITIVE,PLASMA,2024-03-24,2025-03-24,DISPATCHED,PASSED,Shelf-C1,DON_00247
BU-0FAC46A4,BB_B,O_POSITIVE,RBC,2024-12-03,2025-01-14,AVAILABLE,PASSED,Fridge-1,DON_00171
BU-05AAFDDE,HOSP_E,O_POSITIVE,PLATELETS,2024-12-28,2025-01-02,QUARANTINED,REVIEW_REQUIRED,Shelf-C1,DON_00503
BU-0D2C2338,HOSP_E,A_POSITIVE,RBC,2024-12-24,2025-02-04,QUARANTINED,REVIEW_REQUIRED,Shelf-A1,DON_00349
BU-E43A81F3,HOSP_B,O_POSITIVE,PLATELETS,2024-12-31,2025-01-05,QUARANTINED,REVIEW_REQUIRED,Shelf-A2,DON_00474
BU-ED192D10,HOSP_C,O_POSITIVE,RBC,2024-12-24,2025-02-04,USED,PASSED,Fridge-1,DON_00507
BU-929A4571,HOSP_C,O_POSITIVE,PLASMA,2024-09-12,2025-09-12,USED,PASSED,Platelet-Agitator-1,DON_00344
BU-12624B8F,HOSP_D,A_POSITIVE,WHOLE_BLOOD,2024-12-20,2025-01-24,DISPATCHED,PASSED,Shelf-A2,DON_00218
BU-7E2AEDC4,HOSP_E,O_POSITIVE,RBC,2024-12-20,2025-01-31,AVAILABLE,PASSED,Shelf-A1,DON_00494
BU-2FEC43FD,HOSP_B,B_POSITIVE,PLASMA,2024-04-27,2025-04-27,AVAILABLE,REVIEW_REQUIRED,Fridge-3,DON_00721
BU-7909FCD5,HOSP_C,O_POSITIVE,PLASMA,2024-09-18,2025-09-18,RESERVED,REVIEW_REQUIRED,Platelet-Agitator-1,DON_00632
BU-7EDEAF36,HOSP_E,O_POSITIVE,PLASMA,2024-06-03,2025-06-03,AVAILABLE,PASSED,Fridge-1,DON_00151
BU-D79D05D1,HOSP_E,O_POSITIVE,PLATELETS,2024-12-31,2025-01-05,DISPATCHED,REVIEW_REQUIRED,Platelet-Agitator-1,DON_00703
BU-6E5B2393,HOSP_C,O_NEGATIVE,WHOLE_BLOOD,2024-12-31,2025-02-04,QUARANTINED,FAILED,Shelf-B2,DON_00607
BU-DC78F388,HOSP_C,A_POSITIVE,PLASMA,2024-04-06,2025-04-06,USED,FAILED,Shelf-B2,DON_00351
BU-E1A89BCC,HOSP_C,B_POSITIVE,WHOLE_BLOOD,2024-12-12,2025-01-16,AVAILABLE,PASSED,Shelf-C1,DON_00114
BU-4974697B,HOSP_E,O_POSITIVE,PLASMA,2024-03-09,2025-03-09,USED,PENDING,Fridge-2,DON_00099
BU-24FAC8CD,BB_A,O_POSITIVE,WHOLE_BLOOD,2024-12-20,2025-01-24,AVAILABLE,REVIEW_REQUIRED,Shelf-B1,DON_00216
BU-1F2D349E,HOSP_D,O_POSITIVE,WHOLE_BLOOD,2024-12-14,2025-01-18,AVAILABLE,PENDING,Shelf-B2,DON_00390
BU-A35AEB71,HOSP_B,A_POSITIVE,PLATELETS,2024-12-26,2024-12-31,RESERVED,PASSED,Shelf-C1,DON_00510
BU-58160AAE,HOSP_E,O_NEGATIVE,PLASMA,2024-08-25,2025-08-25,AVAILABLE,FAILED,Shelf-B2,DON_00730
BU-243F76A8,HOSP_E,O_POSITIVE,RBC,2024-12-03,2025-01-14,RESERVED,PASSED,Fridge-1,DON_00792
BU-367596FD,HOSP_E,O_POSITIVE,RBC,2024-12-28,2025-02-08,DISPATCHED,FAILED,Fridge-3,DON_00253
BU-3BF0B671,HOSP_A,O_NEGATIVE,PLASMA,2024-06-09,2025-06-09,QUARANTINED,FAILED,Fridge-3,DON_00580
BU-47B85425,HOSP_A,O_POSITIVE,RBC,2024-12-14,2025-01-25,AVAILABLE,PENDING,Shelf-A2,DON_00234
BU-978D5A4B,HOSP_C,B_POSITIVE,PLASMA,2024-01-30,2025-01-29,AVAILABLE,PASSED,Fridge-2,DON_00455
BU-F1314055,HOSP_C,O_POSITIVE,RBC,2024-12-11,2025-01-22,QUARANTINED,FAILED,Shelf-B1,DON_00625
BU-6F1209AC,HOSP_B,O_POSITIVE,WHOLE_BLOOD,2024-12-03,2025-01-07,AVAILABLE,REVIEW_REQUIRED,Shelf-A2,DON_00292
BU-CB1A2628,HOSP_C,A_POSITIVE,RBC,2024-12-10,2025-01-21,AVAILABLE,FAILED,Shelf-B2,DON_00717
BU-D7C8C675,BB_B,O_NEGATIVE,RBC,2024-12-23,2025-02-03,QUARANTINED,REVIEW_REQUIRED,Fridge-2,DON_00540
BU-23852A5D,BB_B,A_POSITIVE,RBC,2024-12-16,2025-01-27,DISPATCHED,PENDING,Fridge-1,DON_00721
BU-18C2B933,HOSP_D,O_POSITIVE,PLATELETS,2024-12-30,2025-01-04,AVAILABLE,PENDING,Shelf-C1,DON_00133
BU-482129C4,HOSP_D,O_POSITIVE,RBC,2024-11-22,2025-01-03,USED,FAILED,Shelf-C1,DON_00706
BU-C7ECAD72,BB_B,O_NEGATIVE,PLASMA,2024-03-07,2025-03-07,RESERVED,REVIEW_REQUIRED,Fridge-3,DON_00409
BU-2C467D13,HOSP_A,A_NEGATIVE,PLATELETS,2024-12-29,2025-01-03,DISPATCHED,PASSED,Shelf-B2,DON_00270
BU-F7A8CF96,HOSP_D,O_POSITIVE,PLASMA,2024-06-16,2025-06-16,AVAILABLE,PASSED,Fridge-2,DON_00438
BU-B30A7498,BB_A,O_POSITIVE,WHOLE_BLOOD,2024-12-15,2025-01-19,RESERVED,PASSED,Shelf-A1,DON_00541
BU-5805F17E,HOSP_A,A_POSITIVE,PLATELETS,2024-12-31,2025-01-05,RESERVED,FAILED,Shelf-A2,DON_00541
BU-35E2F6E0,HOSP_C,B_POSITIVE,PLATELETS,2024-12-26,2024-12-31,QUARANTINED,FAILED,Fridge-3,DON_00671
BU-5E408A6F,BB_B,B_POSITIVE,WHOLE_BLOOD,2024-12-13,2025-01-17,USED,PASSED,Fridge-2,DON_00367
BU-A496B067,BB_A,O_POSITIVE,PLATELETS,2024-12-29,2025-01-03,RECEIVED,PASSED,Fridge-1,DON_00338
BU-D3B99E79,BB_B,O_NEGATIVE,PLASMA,2024-01-26,2025-01-25,EXPIRED,PASSED,Fridge-1,DON_00206
BU-F136BD88,HOSP_A,AB_NEGATIVE,RBC,2024-12-07,2025-01-18,QUARANTINED,REVIEW_REQUIRED,Shelf-B2,DON_00281
BU-61DCC4FC,BB_B,B_NEGATIVE,PLASMA,2024-05-02,2025-05-02,DISPATCHED,PASSED,Shelf-B2,DON_00070
BU-08B63D3F,BB_A,B_POSITIVE,WHOLE_BLOOD,2024-12-07,2025-01-11,AVAILABLE,PENDING,Shelf-B1,DON_00232
BU-1E4153A8,HOSP_C,O_POSITIVE,PLASMA,2024-02-28,2025-02-27,USED,PASSED,Shelf-B2,DON_00457
BU-77010C91,HOSP_A,O_POSITIVE,WHOLE_BLOOD,2024-12-26,2025-01-30,RESERVED,PASSED,Fridge-1,DON_00288
BU-1018928A,HOSP_C,O_POSITIVE,PLATELETS,2024-12-29,2025-01-03,AVAILABLE,PASSED,Shelf-B2,DON_00765
BU-3609B4B5,BB_B,O_NEGATIVE,PLATELETS,2024-12-28,2025-01-02,RESERVED,PASSED,Shelf-A2,DON_00753
BU-A8E8BE2C,BB_A,O_POSITIVE,RBC,2024-12-11,2025-01-22,USED,REVIEW_REQUIRED,Shelf-A2,DON_00425
BU-A5C569CE,HOSP_A,O_POSITIVE,PLASMA,2024-11-03,2025-11-03,DISPATCHED,PASSED,Shelf-B2,DON_00339
BU-F00D3E48,HOSP_B,B_POSITIVE,PLASMA,2024-12-07,2025-12-07,DISPATCHED,PENDING,Platelet-Agitator-1,DON_00721
BU-B9E9DBC5,HOSP_C,A_POSITIVE,PLASMA,2024-03-17,2025-03-17,AVAILABLE,PASSED,Shelf-A2,DON_00717
BU-58AE94D0,HOSP_D,A_POSITIVE,PLATELETS,2024-12-27,2025-01-01,QUARANTINED,FAILED,Shelf-A2,DON_00444
BU-ED2D6870,HOSP_C,A_POSITIVE,PLASMA,2024-11-22,2025-11-22,USED,PASSED,Fridge-3,DON_00461
BU-EB7DD890,HOSP_C,O_POSITIVE,PLASMA,2024-10-20,2025-10-20,QUARANTINED,FAILED,Fridge-3,DON_00506
BU-7A913C54,BB_A,B_POSITIVE,PLASMA,2024-10-16,2025-10-16,RESERVED,PASSED,Shelf-C1,DON_00403
BU-E39DC72D,HOSP_B,O_POSITIVE,PLATELETS,2024-12-30,2025-01-04,USED,PENDING,Fridge-3,DON_00741
BU-BDDBC032,HOSP_C,A_POSITIVE,PLASMA,2024-02-14,2025-02-13,RECEIVED,PENDING,Fridge-3,DON_00632
BU-EBDA73A2,BB_A,B_POSITIVE,RBC,2024-12-14,2025-01-25,RECEIVED,FAILED,Fridge-3,DON_00039
BU-EDE83823,HOSP_C,B_POSITIVE,PLASMA,2024-11-30,2025-11-30,RESERVED,PASSED,Platelet-Agitator-1,DON_00287
BU-31713AF5,HOSP_B,O_POSITIVE,RBC,2024-12-24,2025-02-04,EXPIRED,PASSED,Shelf-C1,DON_00622
BU-B7E0DAF6,HOSP_B,AB_POSITIVE,PLATELETS,2024-12-26,2024-12-31,AVAILABLE,FAILED,Fridge-3,DON_00510
BU-BE0924C1,BB_B,B_NEGATIVE,PLASMA,2024-11-26,2025-11-26,AVAILABLE,PENDING,Shelf-B1,DON_00543
BU-C63EDCF8,HOSP_E,B_POSITIVE,WHOLE_BLOOD,2024-12-22,2025-01-26,USED,FAILED,Shelf-C1,DON_00174
BU-A5F36807,HOSP_A,O_POSITIVE,WHOLE_BLOOD,2024-12-25,2025-01-29,AVAILABLE,PASSED,Shelf-B2,DON_00703
BU-795F8A06,HOSP_C,A_POSITIVE,WHOLE_BLOOD,2024-12-16,2025-01-20,DISPATCHED,PENDING,Shelf-C1,DON_00539
BU-21052300,BB_A,A_POSITIVE,PLASMA,2024-02-08,2025-02-07,AVAILABLE,REVIEW_REQUIRED,Fridge-2,DON_00505
BU-5CD58AFD,HOSP_D,O_POSITIVE,RBC,2024-12-30,2025-02-10,AVAILABLE,FAILED,Platelet-Agitator-1,DON_00636
BU-B99E7CE4,HOSP_A,O_POSITIVE,PLASMA,2024-02-27,2025-02-26,AVAILABLE,FAILED,Fridge-1,DON_00109
BU-B8A87F0B,HOSP_A,O_POSITIVE,WHOLE_BLOOD,2024-12-11,2025-01-15,RECEIVED,PENDING,Shelf-B1,DON_00603
BU-4DD27E98,BB_B,O_NEGATIVE,PLATELETS,2024-12-27,2025-01-01,USED,PENDING,Fridge-3,DON_00155
BU-3027A30A,BB_B,A_POSITIVE,PLATELETS,2024-12-30,2025-01-04,QUARANTINED,FAILED,Fridge-3,DON_00346
BU-B7E00883,HOSP_C,B_NEGATIVE,RBC,2024-12-19,2025-01-30,RECEIVED,PASSED,Shelf-A2,DON_00030
BU-8755323B,BB_B,A_POSITIVE,PLASMA,2024-02-23,2025-02-22,USED,FAILED,Platelet-Agitator-1,DON_00069
BU-316DE3FD,HOSP_C,O_POSITIVE,RBC,2024-11-29,2025-01-10,DISPATCHED,PASSED,Shelf-B1,DON_00470
BU-CA490EE6,HOSP_E,B_POSITIVE,PLASMA,2024-12-15,2025-12-15,DISPATCHED,PASSED,Fridge-3,DON_00212
BU-65D412EC,HOSP_A,A_POSITIVE,PLATELETS,2024-12-29,2025-01-03,EXPIRED,PASSED,Shelf-B2,DON_00367
BU-2F43CBDC,HOSP_E,A_POSITIVE,WHOLE_BLOOD,2024-12-05,2025-01-09,AVAILABLE,FAILED,Shelf-A2,DON_00625
BU-7467CFF8,HOSP_E,A_POSITIVE,PLASMA,2024-11-23,2025-11-23,EXPIRED,PENDING,Shelf-B1,DON_00596
BU-B478274B,HOSP_A,A_POSITIVE,PLASMA,2024-09-10,2025-09-10,RESERVED,PASSED,Shelf-C1,DON_00564
BU-8B81FFD3,HOSP_C,A_NEGATIVE,WHOLE_BLOOD,2024-11-26,2024-12-31,QUARANTINED,FAILED,Fridge-2,DON_00280
BU-E4E091B5,BB_A,A_POSITIVE,PLASMA,2024-04-03,2025-04-03,RECEIVED,PASSED,Platelet-Agitator-1,DON_00700
BU-738475C3,BB_B,O_POSITIVE,RBC,2024-12-28,2025-02-08,USED,REVIEW_REQUIRED,Shelf-C1,DON_00751
BU-F723EF09,HOSP_D,O_POSITIVE,RBC,2024-12-26,2025-02-06,AVAILABLE,REVIEW_REQUIRED,Fridge-2,DON_00444
BU-1A953660,HOSP_D,O_POSITIVE,RBC,2024-11-25,2025-01-06,RECEIVED,PASSED,Platelet-Agitator-1,DON_00770
BU-38FF292B,BB_B,O_NEGATIVE,PLATELETS,2024-12-27,2025-01-01,DISPATCHED,REVIEW_REQUIRED,Shelf-B2,DON_00680
BU-C98548F5,BB_B,A_POSITIVE,WHOLE_BLOOD,2024-12-08,2025-01-12,EXPIRED,REVIEW_REQUIRED,Shelf-B2,DON_00672
BU-EE53D072,BB_A,B_POSITIVE,PLASMA,2024-11-10,2025-11-10,EXPIRED,PENDING,Platelet-Agitator-1,DON_00047
BU-4C6B94F4,HOSP_C,O_POSITIVE,PLATELETS,2024-12-30,2025-01-04,USED,FAILED,Fridge-1,DON_00219
BU-5CB439C0,HOSP_E,A_POSITIVE,PLATELETS,2024-12-30,2025-01-04,QUARANTINED,REVIEW_REQUIRED,Shelf-B1,DON_00480
BU-2201B2AA,BB_B,A_POSITIVE,PLATELETS,2024-12-27,2025-01-01,EXPIRED,PASSED,Fridge-2,DON_00073
BU-F1B5FC03,HOSP_C,A_POSITIVE,PLATELETS,2024-12-30,2025-01-04,RESERVED,PASSED,Shelf-A1,DON_00357
BU-BB444CB0,HOSP_D,O_POSITIVE,PLATELETS,2024-12-31,2025-01-05,RECEIVED,FAILED,Fridge-1,DON_00199
BU-03F71549,HOSP_C,O_POSITIVE,PLASMA,2024-04-20,2025-04-20,AVAILABLE,REVIEW_REQUIRED,Shelf-C1,DON_00128
BU-74D4E949,HOSP_C,O_POSITIVE,WHOLE_BLOOD,2024-12-16,2025-01-20,DISPATCHED,PASSED,Platelet-Agitator-1,DON_00665
BU-DFB1D787,HOSP_D,B_POSITIVE,PLATELETS,2024-12-30,2025-01-04,AVAILABLE,PASSED,Shelf-A2,DON_00156
BU-6FD47739,HOSP_B,A_NEGATIVE,RBC,2024-12-23,2025-02-03,EXPIRED,REVIEW_REQUIRED,Fridge-1,DON_00706
BU-AAEDBDC1,HOSP_A,O_POSITIVE,RBC,2024-12-05,2025-01-16,QUARANTINED,REVIEW_REQUIRED,Fridge-3,DON_00303
BU-F9861611,BB_A,A_POSITIVE,PLATELETS,2024-12-30,2025-01-04,DISPATCHED,PASSED,Fridge-1,DON_00118
BU-88FC643A,BB_B,O_POSITIVE,PLATELETS,2024-12-30,2025-01-04,RECEIVED,PASSED,Shelf-A1,DON_00526
BU-022E7C34,HOSP_B,O_POSITIVE,PLATELETS,2024-12-30,2025-01-04,AVAILABLE,PASSED,Shelf-C1,DON_00250
BU-1C7BA07D,HOSP_C,B_POSITIVE,WHOLE_BLOOD,2024-12-22,2025-01-26,AVAILABLE,PASSED,Platelet-Agitator-1,DON_00108
BU-0972B9A7,HOSP_E,O_POSITIVE,RBC,2024-12-27,2025-02-07,EXPIRED,REVIEW_REQUIRED,Shelf-A2,DON_00433
BU-4F3340C7,HOSP_D,B_POSITIVE,PLASMA,2024-08-31,2025-08-31,EXPIRED,PASSED,Platelet-Agitator-1,DON_00139
BU-CBB8C1BE,HOSP_D,O_POSITIVE,PLASMA,2024-12-12,2025-12-12,QUARANTINED,FAILED,Shelf-B2,DON_00425
BU-951D4C96,HOSP_A,A_POSITIVE,WHOLE_BLOOD,2024-11-29,2025-01-03,AVAILABLE,PASSED,Fridge-3,DON_00738
BU-67A3B652,HOSP_E,B_POSITIVE,WHOLE_BLOOD,2024-11-30,2025-01-04,AVAILABLE,REVIEW_REQUIRED,Platelet-Agitator-1,DON_00554
BU-7C9D5C16,HOSP_D,A_POSITIVE,PLASMA,2024-11-18,2025-11-18,EXPIRED,REVIEW_REQUIRED,Fridge-3,DON_00338
BU-BD334802,BB_A,A_POSITIVE,WHOLE_BLOOD,2024-12-25,2025-01-29,AVAILABLE,PENDING,Fridge-2,DON_00722
BU-7FDCA389,HOSP_A,O_POSITIVE,RBC,2024-11-23,2025-01-04,DISPATCHED,REVIEW_REQUIRED,Fridge-3,DON_00203
BU-CCDCF65D,BB_A,A_POSITIVE,WHOLE_BLOOD,2024-12-09,2025-01-13,RECEIVED,PASSED,Platelet-Agitator-1,DON_00503
BU-62D8F46B,HOSP_E,O_POSITIVE,PLASMA,2024-07-09,2025-07-09,RESERVED,REVIEW_REQUIRED,Shelf-A1,DON_00323
BU-6F358AA0,HOSP_C,A_NEGATIVE,RBC,2024-11-25,2025-01-06,AVAILABLE,PASSED,Shelf-B2,DON_00102
BU-A50A3ED0,HOSP_A,B_POSITIVE,PLATELETS,2024-12-28,2025-01-02,AVAILABLE,PASSED,Shelf-C1,DON_00196
BU-EFC4BAAB,BB_A,O_POSITIVE,RBC,2024-12-26,2025-02-06,EXPIRED,FAILED,Shelf-A1,DON_00313
BU-003B56CE,HOSP_E,A_POSITIVE,RBC,2024-12-04,2025-01-15,RESERVED,REVIEW_REQUIRED,Fridge-2,DON_00439
BU-9F90F8A8,BB_A,A_POSITIVE,RBC,2024-12-04,2025-01-15,AVAILABLE,PASSED,Shelf-A1,DON_00509
BU-357D501B,HOSP_A,A_POSITIVE,WHOLE_BLOOD,2024-11-30,2025-01-04,AVAILABLE,PASSED,Fridge-1,DON_00677
BU-103083BA,BB_A,O_NEGATIVE,PLATELETS,2024-12-31,2025-01-05,AVAILABLE,FAILED,Fridge-2,DON_00721
BU-A2EA31A1,BB_A,A_POSITIVE,WHOLE_BLOOD,2024-12-03,2025-01-07,AVAILABLE,PASSED,Fridge-2,DON_00280
BU-F78FD544,HOSP_D,B_POSITIVE,PLASMA,2024-01-11,2025-01-10,USED,FAILED,Fridge-2,DON_00412
BU-FB30F809,HOSP_A,O_POSITIVE,WHOLE_BLOOD,2024-12-14,2025-01-18,AVAILABLE,PASSED,Fridge-3,DON_00283
BU-7715FFEF,HOSP_A,B_POSITIVE,PLASMA,2024-01-30,2025-01-29,RESERVED,PASSED,Shelf-A2,DON_00353
BU-23E283AF,HOSP_E,B_POSITIVE,WHOLE_BLOOD,2024-12-04,2025-01-08,QUARANTINED,FAILED,Shelf-B1,DON_00760
BU-2A14D9C4,HOSP_E,B_POSITIVE,RBC,2024-11-30,2025-01-11,DISPATCHED,REVIEW_REQUIRED,Shelf-B1,DON_00657
BU-7B25722C,HOSP_C,O_NEGATIVE,WHOLE_BLOOD,2024-11-28,2025-01-02,EXPIRED,REVIEW_REQUIRED,Fridge-2,DON_00281
BU-DBBE99F2,HOSP_A,A_NEGATIVE,WHOLE_BLOOD,2024-12-13,2025-01-17,EXPIRED,PENDING,Fridge-3,DON_00343
BU-688D1491,HOSP_D,A_POSITIVE,PLASMA,2024-06-25,2025-06-25,RECEIVED,PASSED,Fridge-2,DON_00527
BU-D5AC8B99,HOSP_D,A_POSITIVE,RBC,2024-12-24,2025-02-04,RESERVED,PASSED,Platelet-Agitator-1,DON_00148
BU-9D0AF9D9,HOSP_C,O_POSITIVE,RBC,2024-12-03,2025-01-14,QUARANTINED,REVIEW_REQUIRED,Shelf-A2,DON_00003
BU-CE381E40,HOSP_B,O_POSITIVE,WHOLE_BLOOD,2024-12-01,2025-01-05,RECEIVED,REVIEW_REQUIRED,Fridge-1,DON_00400
BU-69025D16,BB_A,O_POSITIVE,RBC,2024-12-13,2025-01-24,RECEIVED,PENDING,Fridge-1,DON_00493
BU-9F778C0E,BB_A,A_POSITIVE,WHOLE_BLOOD,2024-12-04,2025-01-08,AVAILABLE,PENDING,Shelf-C1,DON_00132
BU-CBABBC13,HOSP_B,O_POSITIVE,WHOLE_BLOOD,2024-12-29,2025-02-02,USED,PASSED,Shelf-A2,DON_00287
BU-8C72B536,HOSP_B,O_POSITIVE,PLATELETS,2024-12-28,2025-01-02,RECEIVED,PASSED,Shelf-C1,DON_00254
BU-640C0A9A,HOSP_D,O_POSITIVE,WHOLE_BLOOD,2024-12-12,2025-01-16,AVAILABLE,FAILED,Fridge-3,DON_00130
BU-2CC5E465,BB_B,B_NEGATIVE,PLASMA,2024-04-01,2025-04-01,RECEIVED,PASSED,Fridge-3,DON_00291
BU-23840E11,HOSP_A,B_POSITIVE,PLASMA,2024-08-15,2025-08-15,EXPIRED,PASSED,Shelf-B2,DON_00752
BU-752AA9B9,HOSP_B,B_NEGATIVE,RBC,2024-12-19,2025-01-30,AVAILABLE,REVIEW_REQUIRED,Fridge-1,DON_00345
BU-26A25621,HOSP_C,A_POSITIVE,WHOLE_BLOOD,2024-12-12,2025-01-16,AVAILABLE,PASSED,Shelf-B1,DON_00134
BU-A511B496,HOSP_A,O_POSITIVE,WHOLE_BLOOD,2024-12-29,2025-02-02,RECEIVED,PASSED,Shelf-B2,DON_00256
BU-D2C0D672,HOSP_E,O_POSITIVE,RBC,2024-12-25,2025-02-05,RECEIVED,REVIEW_REQUIRED,Shelf-B1,DON_00356
BU-00ED12FC,HOSP_E,A_NEGATIVE,WHOLE_BLOOD,2024-12-18,2025-01-22,USED,REVIEW_REQUIRED,Fridge-2,DON_00658
BU-2C0736AA,HOSP_C,O_POSITIVE,RBC,2024-12-09,2025-01-20,QUARANTINED,REVIEW_REQUIRED,Fridge-2,DON_00260
BU-965D8C25,HOSP_E,O_NEGATIVE,WHOLE_BLOOD,2024-12-19,2025-01-23,DISPATCHED,FAILED,Fridge-1,DON_00786
BU-06A00A96,HOSP_B,A_NEGATIVE,RBC,2024-12-07,2025-01-18,AVAILABLE,PENDING,Shelf-A1,DON_00129
BU-02B7B966,HOSP_E,A_POSITIVE,PLASMA,2024-01-15,2025-01-14,AVAILABLE,PASSED,Shelf-B2,DON_00701
BU-AE89F5E5,BB_A,O_NEGATIVE,PLASMA,2024-03-19,2025-03-19,AVAILABLE,PASSED,Platelet-Agitator-1,DON_00515
BU-D49144BA,BB_B,O_POSITIVE,PLASMA,2024-03-03,2025-03-03,QUARANTINED,FAILED,Shelf-B2,DON_00609
BU-D7F6C418,BB_B,O_POSITIVE,RBC,2024-12-15,2025-01-26,RECEIVED,PASSED,Shelf-A2,DON_00424
BU-DC5F040A,HOSP_A,O_POSITIVE,RBC,2024-12-27,2025-02-07,EXPIRED,FAILED,Fridge-1,DON_00800
BU-98EA2A72,HOSP_E,A_NEGATIVE,RBC,2024-11-21,2025-01-02,QUARANTINED,FAILED,Fridge-3,DON_00418
BU-31F0588D,HOSP_E,B_POSITIVE,PLATELETS,2024-12-30,2025-01-04,AVAILABLE,PASSED,Shelf-C1,DON_00380
BU-EF7594EA,HOSP_B,A_POSITIVE,PLATELETS,2024-12-26,2024-12-31,RESERVED,PASSED,Shelf-B2,DON_00778
BU-C1C5C45D,BB_A,B_POSITIVE,PLASMA,2024-12-19,2025-12-19,AVAILABLE,FAILED,Shelf-C1,DON_00599
BU-3111EC17,HOSP_A,A_POSITIVE,RBC,2024-12-17,2025-01-28,QUARANTINED,FAILED,Shelf-C1,DON_00651
BU-898F8BCE,HOSP_A,A_POSITIVE,PLATELETS,2024-12-29,2025-01-03,AVAILABLE,PASSED,Shelf-B1,DON_00693
BU-54728274,HOSP_C,O_POSITIVE,PLASMA,2024-02-23,2025-02-22,DISPATCHED,PASSED,Fridge-3,DON_00023
BU-AEE8244D,HOSP_E,A_POSITIVE,PLASMA,2024-07-12,2025-07-12,DISPATCHED,PASSED,Shelf-B2,DON_00208
BU-64FD1422,HOSP_C,O_POSITIVE,RBC,2024-11-22,2025-01-03,AVAILABLE,PASSED,Fridge-2,DON_00068
BU-510F7CC9,HOSP_D,A_POSITIVE,PLATELETS,2024-12-27,2025-01-01,AVAILABLE,REVIEW_REQUIRED,Shelf-A1,DON_00477
BU-9E9E7AC3,HOSP_D,A_POSITIVE,PLASMA,2024-06-09,2025-06-09,QUARANTINED,FAILED,Shelf-B1,DON_00335
BU-85C788BD,BB_B,O_POSITIVE,PLATELETS,2024-12-29,2025-01-03,AVAILABLE,PASSED,Platelet-Agitator-1,DON_00741
BU-FC98E27E,HOSP_A,O_POSITIVE,PLATELETS,2024-12-28,2025-01-02,AVAILABLE,PASSED,Shelf-A1,DON_00030
BU-61D058C2,HOSP_E,O_POSITIVE,PLASMA,2024-11-10,2025-11-10,QUARANTINED,FAILED,Platelet-Agitator-1,DON_00224
BU-B97D62D6,HOSP_C,AB_NEGATIVE,PLATELETS,2024-12-29,2025-01-03,USED,PENDING,Shelf-B2,DON_00553
BU-6F68F3D6,BB_A,A_POSITIVE,RBC,2024-12-02,2025-01-13,AVAILABLE,FAILED,Fridge-2,DON_00220
BU-B148866F,BB_B,A_POSITIVE,RBC,2024-12-20,2025-01-31,EXPIRED,PASSED,Shelf-B2,DON_00399
BU-177F9AA2,HOSP_D,A_NEGATIVE,PLATELETS,2024-12-31,2025-01-05,USED,PASSED,Shelf-A1,DON_00358
BU-89FABAE2,BB_B,O_POSITIVE,PLASMA,2024-06-15,2025-06-15,QUARANTINED,REVIEW_REQUIRED,Shelf-B1,DON_00156
BU-AC2471F5,HOSP_E,O_NEGATIVE,PLATELETS,2024-12-26,2024-12-31,AVAILABLE,REVIEW_REQUIRED,Shelf-C1,DON_00572
BU-6E848B8C,BB_B,B_POSITIVE,PLATELETS,2024-12-27,2025-01-01,AVAILABLE,PASSED,Shelf-C1,DON_00510
BU-0ED93DCA,BB_B,O_POSITIVE,PLATELETS,2024-12-30,2025-01-04,DISPATCHED,PASSED,Fridge-3,DON_00357
BU-DDDDEF42,HOSP_D,A_POSITIVE,WHOLE_BLOOD,2024-12-09,2025-01-13,QUARANTINED,FAILED,Shelf-A2,DON_00635
BU-C9F7D343,HOSP_E,B_POSITIVE,PLATELETS,2024-12-29,2025-01-03,RESERVED,FAILED,Shelf-B2,DON_00097
BU-04F1699A,BB_B,O_POSITIVE,WHOLE_BLOOD,2024-12-12,2025-01-16,RESERVED,PASSED,Shelf-C1,DON_00047
BU-2BB6D5A1,HOSP_D,A_POSITIVE,PLATELETS,2024-12-26,2024-12-31,AVAILABLE,REVIEW_REQUIRED,Platelet-Agitator-1,DON_00140
BU-BB923471,HOSP_C,O_NEGATIVE,RBC,2024-11-23,2025-01-04,EXPIRED,PENDING,Shelf-A2,DON_00118
BU-FF2954DF,HOSP_A,O_POSITIVE,RBC,2024-11-23,2025-01-04,DISPATCHED,REVIEW_REQUIRED,Fridge-2,DON_00605
BU-D9C9A9DE,BB_B,O_POSITIVE,WHOLE_BLOOD,2024-12-12,2025-01-16,AVAILABLE,PENDING,Shelf-C1,DON_00407
BU-637D8B6B,HOSP_A,O_NEGATIVE,PLASMA,2024-02-24,2025-02-23,AVAILABLE,REVIEW_REQUIRED,Platelet-Agitator-1,DON_00618
BU-D8BCB0E0,BB_B,O_POSITIVE,WHOLE_BLOOD,2024-12-12,2025-01-16,QUARANTINED,FAILED,Platelet-Agitator-1,DON_00577
BU-E76AC3E8,BB_B,B_POSITIVE,RBC,2024-12-06,2025-01-17,DISPATCHED,REVIEW_REQUIRED,Fridge-3,DON_00376
BU-60CCEDF5,BB_A,A_NEGATIVE,RBC,2024-12-08,2025-01-19,AVAILABLE,PASSED,Fridge-3,DON_00697
BU-C45244ED,HOSP_B,A_NEGATIVE,PLASMA,2024-05-18,2025-05-18,DISPATCHED,PASSED,Shelf-B1,DON_00511
BU-B2CC6EB0,BB_B,A_POSITIVE,PLASMA,2024-02-26,2025-02-25,AVAILABLE,PENDING,Shelf-A2,DON_00733
BU-AF4F67D8,HOSP_A,A_POSITIVE,WHOLE_BLOOD,2024-12-23,2025-01-27,AVAILABLE,REVIEW_REQUIRED,Fridge-2,DON_00054
BU-F7B62344,HOSP_D,O_POSITIVE,WHOLE_BLOOD,2024-12-17,2025-01-21,AVAILABLE,FAILED,Shelf-A1,DON_00553
BU-C7B0C89F,HOSP_D,O_NEGATIVE,RBC,2024-12-15,2025-01-26,RESERVED,PASSED,Shelf-A2,DON_00143
BU-823A06A2,BB_B,O_POSITIVE,PLATELETS,2024-12-27,2025-01-01,QUARANTINED,REVIEW_REQUIRED,Fridge-2,DON_00424
BU-D9A62430,HOSP_B,A_POSITIVE,WHOLE_BLOOD,2024-12-17,2025-01-21,QUARANTINED,FAILED,Fridge-2,DON_00152
BU-EB809FAD,BB_B,A_NEGATIVE,PLATELETS,2024-12-28,2025-01-02,AVAILABLE,PASSED,Fridge-2,DON_00428
BU-F2B9D4D7,HOSP_E,O_POSITIVE,RBC,2024-12-25,2025-02-05,AVAILABLE,FAILED,Shelf-A2,DON_00792
BU-A34882BF,HOSP_C,B_POSITIVE,PLATELETS,2024-12-29,2025-01-03,QUARANTINED,REVIEW_REQUIRED,Shelf-B2,DON_00239
BU-00CAFD09,HOSP_B,A_POSITIVE,WHOLE_BLOOD,2024-12-15,2025-01-19,AVAILABLE,PENDING,Platelet-Agitator-1,DON_00414
BU-2D9E0007,HOSP_A,A_POSITIVE,RBC,2024-11-21,2025-01-02,USED,PASSED,Fridge-2,DON_00011
BU-244B925C,HOSP_C,B_NEGATIVE,WHOLE_BLOOD,2024-12-31,2025-02-04,DISPATCHED,PASSED,Shelf-A1,DON_00553
BU-D2FDE04E,HOSP_B,AB_NEGATIVE,PLASMA,2024-06-22,2025-06-22,AVAILABLE,PENDING,Fridge-2,DON_00664
BU-70EFFB99,HOSP_D,O_POSITIVE,WHOLE_BLOOD,2024-12-24,2025-01-28,EXPIRED,REVIEW_REQUIRED,Shelf-A2,DON_00391
BU-FAE7CBFD,BB_B,B_POSITIVE,WHOLE_BLOOD,2024-12-12,2025-01-16,DISPATCHED,REVIEW_REQUIRED,Shelf-B1,DON_00590
BU-D580F947,BB_B,A_POSITIVE,PLASMA,2024-11-10,2025-11-10,RECEIVED,PASSED,Shelf-B2,DON_00675
BU-F81BB4C6,HOSP_B,B_POSITIVE,PLASMA,2024-10-03,2025-10-03,USED,PENDING,Shelf-B2,DON_00037
BU-4FADA53A,HOSP_B,A_POSITIVE,PLATELETS,2024-12-29,2025-01-03,DISPATCHED,REVIEW_REQUIRED,Shelf-A1,DON_00001
BU-3BC0C93B,HOSP_E,AB_POSITIVE,RBC,2024-11-21,2025-01-02,AVAILABLE,PENDING,Shelf-A1,DON_00695
BU-C3AD6CFF,BB_B,O_POSITIVE,PLATELETS,2024-12-26,2024-12-31,AVAILABLE,PASSED,Fridge-3,DON_00058
BU-C97829DD,HOSP_A,O_POSITIVE,PLASMA,2024-11-04,2025-11-04,AVAILABLE,FAILED,Shelf-C1,DON_00790
BU-04AB9BA9,BB_B,A_POSITIVE,RBC,2024-12-31,2025-02-11,AVAILABLE,PASSED,Fridge-2,DON_00368
BU-09188459,HOSP_B,O_POSITIVE,WHOLE_BLOOD,2024-12-05,2025-01-09,RECEIVED,PASSED,Platelet-Agitator-1,DON_00413
BU-F3F5F69D,HOSP_D,O_POSITIVE,PLATELETS,2024-12-30,2025-01-04,AVAILABLE,FAILED,Shelf-A2,DON_00581
BU-5785C891,HOSP_A,A_NEGATIVE,WHOLE_BLOOD,2024-12-18,2025-01-22,AVAILABLE,PASSED,Fridge-1,DON_00141
BU-CBD2C1C8,HOSP_A,O_POSITIVE,PLATELETS,2024-12-30,2025-01-04,EXPIRED,FAILED,Fridge-3,DON_00214
BU-F9209688,HOSP_D,O_POSITIVE,WHOLE_BLOOD,2024-12-01,2025-01-05,AVAILABLE,PENDING,Fridge-2,DON_00431
BU-BAC87042,HOSP_A,A_POSITIVE,RBC,2024-12-03,2025-01-14,AVAILABLE,PASSED,Shelf-A1,DON_00772
BU-46C989D3,HOSP_C,O_POSITIVE,RBC,2024-12-19,2025-01-30,AVAILABLE,PASSED,Shelf-A2,DON_00449
BU-E53138BE,BB_B,A_POSITIVE,RBC,2024-11-25,2025-01-06,AVAILABLE,PENDING,Fridge-1,DON_00378
BU-234195E5,BB_A,O_NEGATIVE,PLASMA,2024-06-13,2025-06-13,DISPATCHED,PASSED,Shelf-C1,DON_00485
BU-97B22EE7,HOSP_A,O_POSITIVE,PLATELETS,2024-12-30,2025-01-04,AVAILABLE,PASSED,Shelf-A2,DON_00770
BU-016041A0,HOSP_A,O_POSITIVE,PLATELETS,2024-12-28,2025-01-02,QUARANTINED,FAILED,Fridge-2,DON_00125
BU-A277087E,BB_B,A_POSITIVE,PLASMA,2024-05-17,2025-05-17,AVAILABLE,PASSED,Fridge-2,DON_00358
BU-DAEC01E1,BB_B,O_POSITIVE,WHOLE_BLOOD,2024-12-06,2025-01-10,DISPATCHED,PASSED,Platelet-Agitator-1,DON_00114
BU-A7FFF96F,BB_B,A_POSITIVE,RBC,2024-11-29,2025-01-10,DISPATCHED,FAILED,Platelet-Agitator-1,DON_00081
BU-2C9A1D6C,BB_A,AB_POSITIVE,PLASMA,2024-12-29,2025-12-29,RESERVED,PASSED,Fridge-3,DON_00620
BU-41169090,HOSP_C,O_POSITIVE,PLATELETS,2024-12-29,2025-01-03,USED,REVIEW_REQUIRED,Shelf-B1,DON_00752
BU-7E8CF8B8,BB_B,A_POSITIVE,PLASMA,2024-06-08,2025-06-08,USED,PASSED,Platelet-Agitator-1,DON_00741
BU-E48EBF3A,HOSP_A,O_POSITIVE,WHOLE_BLOOD,2024-12-10,2025-01-14,QUARANTINED,FAILED,Shelf-A2,DON_00394
BU-E4C52829,HOSP_E,A_POSITIVE,PLASMA,2024-06-20,2025-06-20,QUARANTINED,REVIEW_REQUIRED,Shelf-B2,DON_00228
BU-19FEB6C3,HOSP_E,A_NEGATIVE,RBC,2024-12-23,2025-02-03,EXPIRED,PASSED,Fridge-1,DON_00254
BU-6F9D3EE3,HOSP_E,A_POSITIVE,PLATELETS,2024-12-29,2025-01-03,RECEIVED,PASSED,Shelf-B2,DON_00315
BU-FDB47768,HOSP_A,O_NEGATIVE,PLASMA,2024-04-18,2025-04-18,DISPATCHED,PASSED,Shelf-C1,DON_00380
BU-CF20E591,HOSP_E,B_POSITIVE,RBC,2024-12-25,2025-02-05,AVAILABLE,PASSED,Shelf-C1,DON_00140
BU-A59D0847,BB_A,O_NEGATIVE,PLASMA,2024-05-15,2025-05-15,DISPATCHED,FAILED,Shelf-B1,DON_00418
BU-A975A500,BB_B,A_POSITIVE,PLATELETS,2024-12-29,2025-01-03,RECEIVED,PASSED,Shelf-B1,DON_00035
BU-871777F0,HOSP_B,B_POSITIVE,RBC,2024-11-23,2025-01-04,AVAILABLE,PASSED,Platelet-Agitator-1,DON_00228
BU-69B3444B,BB_B,O_POSITIVE,RBC,2024-12-22,2025-02-02,AVAILABLE,FAILED,Shelf-B2,DON_00516
BU-05832AB9,HOSP_E,O_POSITIVE,PLATELETS,2024-12-31,2025-01-05,AVAILABLE,PENDING,Shelf-B1,DON_00758
BU-5A97555F,HOSP_B,A_POSITIVE,PLASMA,2024-02-14,2025-02-13,AVAILABLE,PASSED,Shelf-A2,DON_00589
BU-D36D4F31,HOSP_D,O_POSITIVE,PLASMA,2024-02-02,2025-02-01,RESERVED,REVIEW_REQUIRED,Fridge-1,DON_00427
BU-7542B126,HOSP_A,O_POSITIVE,WHOLE_BLOOD,2024-12-13,2025-01-17,AVAILABLE,PASSED,Shelf-A2,DON_00432
BU-03A0612B,HOSP_E,O_NEGATIVE,PLASMA,2024-10-24,2025-10-24,DISPATCHED,PENDING,Fridge-3,DON_00698
BU-7B3CF544,HOSP_A,O_POSITIVE,PLASMA,2024-12-01,2025-12-01,RECEIVED,PASSED,Platelet-Agitator-1,DON_00282
BU-EB2F7A9B,BB_B,A_POSITIVE,WHOLE_BLOOD,2024-12-09,2025-01-13,USED,REVIEW_REQUIRED,Shelf-A2,DON_00321
BU-11335C42,BB_B,O_POSITIVE,PLATELETS,2024-12-26,2024-12-31,RECEIVED,PASSED,Platelet-Agitator-1,DON_00429
BU-374A10A9,HOSP_B,O_POSITIVE,WHOLE_BLOOD,2024-12-30,2025-02-03,RECEIVED,PASSED,Shelf-A2,DON_00667
BU-87ECF563,BB_B,O_POSITIVE,RBC,2024-12-18,2025-01-29,QUARANTINED,REVIEW_REQUIRED,Shelf-B1,DON_00432
BU-14B93731,HOSP_D,B_POSITIVE,WHOLE_BLOOD,2024-12-27,2025-01-31,USED,PASSED,Shelf-A2,DON_00761
BU-649F8037,BB_B,A_POSITIVE,WHOLE_BLOOD,2024-12-05,2025-01-09,RESERVED,PASSED,Shelf-A2,DON_00147
BU-5535D1E3,BB_B,A_NEGATIVE,PLATELETS,2024-12-27,2025-01-01,RESERVED,PASSED,Shelf-B2,DON_00379
BU-7C3717C8,BB_B,O_POSITIVE,PLATELETS,2024-12-28,2025-01-02,DISPATCHED,PASSED,Platelet-Agitator-1,DON_00192
BU-550A6583,HOSP_B,AB_POSITIVE,PLASMA,2024-02-20,2025-02-19,AVAILABLE,PASSED,Fridge-1,DON_00287
BU-B55CE948,HOSP_E,AB_POSITIVE,PLATELETS,2024-12-30,2025-01-04,AVAILABLE,PASSED,Shelf-B1,DON_00415
BU-0C0D7F14,HOSP_E,B_POSITIVE,WHOLE_BLOOD,2024-11-27,2025-01-01,AVAILABLE,FAILED,Platelet-Agitator-1,DON_00061
BU-8051032E,BB_B,A_POSITIVE,PLASMA,2024-02-18,2025-02-17,USED,PASSED,Shelf-B1,DON_00310
BU-FFC50B46,HOSP_C,O_NEGATIVE,RBC,2024-12-23,2025-02-03,AVAILABLE,FAILED,Shelf-B2,DON_00630
BU-33271025,HOSP_E,A_NEGATIVE,PLATELETS,2024-12-29,2025-01-03,AVAILABLE,PASSED,Platelet-Agitator-1,DON_00312
BU-D569FD69,HOSP_E,A_POSITIVE,PLATELETS,2024-12-27,2025-01-01,AVAILABLE,PASSED,Platelet-Agitator-1,DON_00478
BU-16BD82FA,HOSP_E,O_POSITIVE,PLATELETS,2024-12-26,2024-12-31,USED,PASSED,Fridge-1,DON_00375
BU-0CF2C8D7,HOSP_B,A_NEGATIVE,WHOLE_BLOOD,2024-11-27,2025-01-01,AVAILABLE,PASSED,Shelf-A1,DON_00335
BU-D81D260B,HOSP_E,O_POSITIVE,PLATELETS,2024-12-31,2025-01-05,AVAILABLE,PASSED,Shelf-A2,DON_00458
BU-413EA9C9,HOSP_B,O_POSITIVE,PLASMA,2024-02-16,2025-02-15,RECEIVED,PASSED,Shelf-A2,DON_00111
BU-84FA6C84,HOSP_D,O_POSITIVE,RBC,2024-12-25,2025-02-05,AVAILABLE,PENDING,Shelf-B1,DON_00123
BU-A26FC663,HOSP_A,B_NEGATIVE,WHOLE_BLOOD,2024-11-27,2025-01-01,AVAILABLE,PASSED,Shelf-B1,DON_00175
BU-1CC94AB8,HOSP_B,B_POSITIVE,PLASMA,2024-08-10,2025-08-10,AVAILABLE,REVIEW_REQUIRED,Shelf-B2,DON_00682
BU-C41B75DA,HOSP_C,A_POSITIVE,PLATELETS,2024-12-29,2025-01-03,DISPATCHED,PASSED,Shelf-A2,DON_00335
BU-24ABF7ED,HOSP_B,A_POSITIVE,PLASMA,2024-08-16,2025-08-16,EXPIRED,PASSED,Fridge-1,DON_00083
BU-A71CA633,HOSP_B,A_POSITIVE,PLATELETS,2024-12-27,2025-01-01,USED,PASSED,Shelf-B1,DON_00791
BU-55D27CC0,HOSP_E,A_NEGATIVE,PLATELETS,2024-12-30,2025-01-04,DISPATCHED,PASSED,Platelet-Agitator-1,DON_00229
BU-069CB9F9,HOSP_C,O_POSITIVE,RBC,2024-11-21,2025-01-02,AVAILABLE,REVIEW_REQUIRED,Shelf-A1,DON_00697
BU-E96E68FE,BB_B,A_POSITIVE,WHOLE_BLOOD,2024-12-25,2025-01-29,USED,PASSED,Shelf-C1,DON_00091
BU-BDDD03F3,HOSP_A,A_POSITIVE,RBC,2024-12-01,2025-01-12,USED,PASSED,Fridge-3,DON_00060
BU-3D44FA88,BB_B,AB_POSITIVE,WHOLE_BLOOD,2024-12-21,2025-01-25,RECEIVED,REVIEW_REQUIRED,Platelet-Agitator-1,DON_00401
BU-F77D1DFC,HOSP_E,A_POSITIVE,WHOLE_BLOOD,2024-12-22,2025-01-26,AVAILABLE,REVIEW_REQUIRED,Fridge-2,DON_00363
BU-BD999497,HOSP_A,B_POSITIVE,PLATELETS,2024-12-31,2025-01-05,AVAILABLE,PASSED,Fridge-2,DON_00244
BU-662A8418,HOSP_D,B_POSITIVE,PLATELETS,2024-12-26,2024-12-31,AVAILABLE,REVIEW_REQUIRED,Fridge-2,DON_00224
BU-F407ED8D,HOSP_E,O_POSITIVE,RBC,2024-12-08,2025-01-19,AVAILABLE,PASSED,Fridge-3,DON_00160
BU-45482F0C,HOSP_D,O_POSITIVE,PLASMA,2024-08-02,2025-08-02,USED,REVIEW_REQUIRED,Platelet-Agitator-1,DON_00582
BU-A19968F0,BB_B,O_POSITIVE,RBC,2024-11-23,2025-01-04,QUARANTINED,REVIEW_REQUIRED,Fridge-2,DON_00640
BU-A19E3B99,HOSP_C,O_NEGATIVE,PLASMA,2024-10-04,2025-10-04,RESERVED,PENDING,Platelet-Agitator-1,DON_00347
BU-405D87E9,BB_A,A_POSITIVE,PLATELETS,2024-12-28,2025-01-02,USED,PASSED,Fridge-2,DON_00480
BU-C884AA69,HOSP_D,O_POSITIVE,PLATELETS,2024-12-29,2025-01-03,QUARANTINED,FAILED,Fridge-1,DON_00094
BU-635142B8,HOSP_C,A_POSITIVE,PLASMA,2024-02-07,2025-02-06,USED,PASSED,Shelf-C1,DON_00757
BU-3AA6001C,HOSP_E,AB_POSITIVE,WHOLE_BLOOD,2024-12-13,2025-01-17,QUARANTINED,FAILED,Platelet-Agitator-1,DON_00488
BU-177CF8B6,HOSP_E,A_POSITIVE,WHOLE_BLOOD,2024-12-01,2025-01-05,AVAILABLE,PASSED,Fridge-1,DON_00152
BU-7AFFA22D,HOSP_B,O_POSITIVE,WHOLE_BLOOD,2024-12-08,2025-01-12,DISPATCHED,PASSED,Fridge-3,DON_00036
BU-CD6FA6C4,HOSP_C,O_NEGATIVE,WHOLE_BLOOD,2024-11-26,2024-12-31,RESERVED,FAILED,Shelf-B2,DON_00001
BU-21C59CF8,HOSP_E,A_POSITIVE,WHOLE_BLOOD,2024-12-17,2025-01-21,AVAILABLE,REVIEW_REQUIRED,Fridge-1,DON_00667
BU-4C8696BB,HOSP_C,O_POSITIVE,PLATELETS,2024-12-30,2025-01-04,RESERVED,PASSED,Platelet-Agitator-1,DON_00186
BU-49F46C5D,BB_A,O_POSITIVE,RBC,2024-12-05,2025-01-16,USED,PASSED,Shelf-A1,DON_00142
BU-84C5014B,HOSP_B,A_POSITIVE,WHOLE_BLOOD,2024-12-07,2025-01-11,USED,PENDING,Shelf-B1,DON_00443
BU-42D2DDAE,BB_B,AB_NEGATIVE,PLASMA,2024-10-13,2025-10-13,RECEIVED,FAILED,Fridge-1,DON_00355
BU-0508C80E,HOSP_D,A_POSITIVE,PLATELETS,2024-12-26,2024-12-31,QUARANTINED,REVIEW_REQUIRED,Shelf-B1,DON_00454
BU-EF4ADFE3,BB_B,B_POSITIVE,RBC,2024-12-13,2025-01-24,EXPIRED,REVIEW_REQUIRED,Fridge-2,DON_00320
BU-3C479106,HOSP_D,A_POSITIVE,PLASMA,2024-04-23,2025-04-23,AVAILABLE,PASSED,Shelf-B2,DON_00445
BU-A16215A0,HOSP_D,AB_NEGATIVE,PLASMA,2024-02-06,2025-02-05,RESERVED,PASSED,Shelf-A2,DON_00436
BU-3800C2C0,BB_A,O_POSITIVE,RBC,2024-11-29,2025-01-10,USED,PASSED,Shelf-B2,DON_00779
BU-1F5DDC95,HOSP_A,A_POSITIVE,PLATELETS,2024-12-29,2025-01-03,AVAILABLE,REVIEW_REQUIRED,Shelf-A2,DON_00025
BU-954E1BA2,HOSP_A,O_POSITIVE,PLASMA,2024-05-09,2025-05-09,AVAILABLE,PASSED,Platelet-Agitator-1,DON_00393
BU-FD206AEB,HOSP_E,O_POSITIVE,WHOLE_BLOOD,2024-12-26,2025-01-30,USED,PASSED,Shelf-A2,DON_00537
BU-118DA990,BB_B,O_POSITIVE,WHOLE_BLOOD,2024-12-18,2025-01-22,QUARANTINED,REVIEW_REQUIRED,Platelet-Agitator-1,DON_00721
BU-13A72AD2,HOSP_C,B_POSITIVE,PLATELETS,2024-12-26,2024-12-31,AVAILABLE,PASSED,Shelf-B2,DON_00642
BU-84F4CCC1,BB_B,A_POSITIVE,PLATELETS,2024-12-26,2024-12-31,EXPIRED,REVIEW_REQUIRED,Shelf-C1,DON_00451
BU-A1A71BF2,HOSP_C,O_NEGATIVE,RBC,2024-12-01,2025-01-12,AVAILABLE,FAILED,Shelf-B2,DON_00725
BU-1006B33B,BB_B,B_POSITIVE,WHOLE_BLOOD,2024-12-27,2025-01-31,RESERVED,PASSED,Fridge-3,DON_00554
BU-262F79BF,HOSP_B,A_POSITIVE,RBC,2024-12-01,2025-01-12,EXPIRED,PASSED,Fridge-1,DON_00150
BU-683E47FB,BB_B,O_POSITIVE,PLATELETS,2024-12-31,2025-01-05,RESERVED,PASSED,Shelf-A2,DON_00594
BU-86172D97,HOSP_D,A_POSITIVE,PLASMA,2024-09-28,2025-09-28,QUARANTINED,REVIEW_REQUIRED,Shelf-C1,DON_00508
BU-B611CCB5,HOSP_C,O_POSITIVE,RBC,2024-12-03,2025-01-14,AVAILABLE,PASSED,Shelf-B2,DON_00750
BU-8C85867E,HOSP_E,B_POSITIVE,PLATELETS,2024-12-29,2025-01-03,RECEIVED,PASSED,Shelf-C1,DON_00238
BU-C3EF8AA9,HOSP_B,A_POSITIVE,WHOLE_BLOOD,2024-11-26,2024-12-31,RESERVED,PASSED,Shelf-A1,DON_00646
BU-BB0C6813,BB_B,O_POSITIVE,RBC,2024-12-30,2025-02-10,RECEIVED,REVIEW_REQUIRED,Fridge-2,DON_00405
BU-B46B6EF9,HOSP_A,O_POSITIVE,WHOLE_BLOOD,2024-11-30,2025-01-04,AVAILABLE,PASSED,Fridge-1,DON_00536
BU-3415A9E5,BB_A,O_NEGATIVE,WHOLE_BLOOD,2024-11-28,2025-01-02,AVAILABLE,FAILED,Shelf-B1,DON_00268
BU-6326A560,HOSP_D,O_POSITIVE,WHOLE_BLOOD,2024-12-09,2025-01-13,AVAILABLE,PENDING,Shelf-C1,DON_00034
BU-F06E936F,HOSP_C,O_POSITIVE,PLATELETS,2024-12-26,2024-12-31,DISPATCHED,PASSED,Shelf-C1,DON_00601
BU-161A22CB,HOSP_D,A_POSITIVE,PLATELETS,2024-12-27,2025-01-01,RESERVED,PENDING,Fridge-1,DON_00419
BU-5F85E56B,BB_A,B_POSITIVE,WHOLE_BLOOD,2024-12-24,2025-01-28,AVAILABLE,PENDING,Shelf-A1,DON_00406
BU-DE7AAE9C,HOSP_E,B_POSITIVE,RBC,2024-12-06,2025-01-17,DISPATCHED,PASSED,Shelf-A2,DON_00431
BU-49382857,HOSP_B,A_POSITIVE,WHOLE_BLOOD,2024-12-06,2025-01-10,RESERVED,FAILED,Shelf-A1,DON_00237
BU-F3867C8D,HOSP_C,O_POSITIVE,WHOLE_BLOOD,2024-12-26,2025-01-30,EXPIRED,PENDING,Shelf-A2,DON_00225
BU-D07713E0,BB_A,O_POSITIVE,PLATELETS,2024-12-30,2025-01-04,AVAILABLE,PASSED,Shelf-C1,DON_00498
BU-A925AE7B,HOSP_D,A_POSITIVE,RBC,2024-12-10,2025-01-21,DISPATCHED,PASSED,Shelf-C1,DON_00516
BU-BE950781,HOSP_D,A_POSITIVE,PLASMA,2024-10-08,2025-10-08,RESERVED,PASSED,Shelf-C1,DON_00036
BU-7D836083,HOSP_E,O_POSITIVE,RBC,2024-11-29,2025-01-10,USED,REVIEW_REQUIRED,Shelf-C1,DON_00148
BU-C69B0558,HOSP_C,A_POSITIVE,WHOLE_BLOOD,2024-11-26,2024-12-31,QUARANTINED,REVIEW_REQUIRED,Fridge-1,DON_00344
BU-CA0323A3,BB_B,O_POSITIVE,PLATELETS,2024-12-29,2025-01-03,AVAILABLE,PENDING,Shelf-A1,DON_00311
BU-E24D40FE,HOSP_E,O_POSITIVE,PLASMA,2024-08-31,2025-08-31,EXPIRED,REVIEW_REQUIRED,Shelf-B2,DON_00332
BU-C827D8E3,HOSP_D,AB_NEGATIVE,PLASMA,2024-07-04,2025-07-04,USED,FAILED,Fridge-3,DON_00141
BU-57367ADF,HOSP_E,O_POSITIVE,RBC,2024-12-25,2025-02-05,RECEIVED,PASSED,Shelf-B1,DON_00648
BU-997569DC,HOSP_A,B_POSITIVE,PLASMA,2024-11-22,2025-11-22,USED,PASSED,Fridge-3,DON_00111
BU-66FC1A32,BB_B,B_POSITIVE,RBC,2024-12-24,2025-02-04,RESERVED,REVIEW_REQUIRED,Shelf-B2,DON_00177
BU-792B6023,HOSP_E,O_POSITIVE,RBC,2024-12-29,2025-02-09,RECEIVED,PENDING,Shelf-A1,DON_00221
BU-FAFF21ED,BB_A,A_POSITIVE,PLATELETS,2024-12-31,2025-01-05,RECEIVED,PASSED,Shelf-C1,DON_00388
BU-4113B83A,BB_B,A_POSITIVE,RBC,2024-12-15,2025-01-26,RESERVED,REVIEW_REQUIRED,Shelf-B1,DON_00709
BU-2559AA3A,HOSP_D,O_POSITIVE,PLATELETS,2024-12-31,2025-01-05,DISPATCHED,PASSED,Shelf-A1,DON_00421
BU-1A241ACE,HOSP_E,O_POSITIVE,PLASMA,2024-06-21,2025-06-21,RECEIVED,PASSED,Shelf-B1,DON_00438
BU-B5B0770F,HOSP_A,O_POSITIVE,PLASMA,2024-10-29,2025-10-29,RESERVED,PASSED,Fridge-2,DON_00301
BU-DCB9C996,BB_A,B_POSITIVE,RBC,2024-12-08,2025-01-19,RECEIVED,PASSED,Shelf-A1,DON_00639
BU-2F4DA924,BB_A,A_NEGATIVE,PLATELETS,2024-12-31,2025-01-05,RECEIVED,PASSED,Shelf-B2,DON_00660
BU-CB384C20,HOSP_E,A_NEGATIVE,WHOLE_BLOOD,2024-12-22,2025-01-26,DISPATCHED,PASSED,Fridge-3,DON_00162
BU-FACDDED7,HOSP_B,B_NEGATIVE,RBC,2024-11-27,2025-01-08,RESERVED,PASSED,Fridge-3,DON_00106
BU-B83F59A1,HOSP_C,A_POSITIVE,PLASMA,2024-01-21,2025-01-20,AVAILABLE,PASSED,Fridge-1,DON_00121
BU-0FDCA109,HOSP_D,O_POSITIVE,RBC,2024-12-23,2025-02-03,EXPIRED,REVIEW_REQUIRED,Fridge-1,DON_00698
BU-2FDEAADC,HOSP_A,O_POSITIVE,PLASMA,2024-06-24,2025-06-24,AVAILABLE,PASSED,Shelf-B1,DON_00390
BU-0FF491F9,HOSP_A,O_POSITIVE,PLATELETS,2024-12-28,2025-01-02,AVAILABLE,FAILED,Fridge-1,DON_00710
BU-2016C4EC,HOSP_A,B_NEGATIVE,RBC,2024-11-28,2025-01-09,RECEIVED,PASSED,Platelet-Agitator-1,DON_00432
BU-6AD2507B,BB_B,A_POSITIVE,WHOLE_BLOOD,2024-11-29,2025-01-03,DISPATCHED,FAILED,Fridge-2,DON_00165
BU-B2506517,HOSP_A,A_NEGATIVE,PLATELETS,2024-12-28,2025-01-02,AVAILABLE,PENDING,Shelf-A2,DON_00053
BU-E8AA9311,HOSP_D,O_POSITIVE,PLASMA,2024-01-28,2025-01-27,RESERVED,PASSED,Shelf-A1,DON_00365
BU-EB75F9F2,BB_B,B_POSITIVE,RBC,2024-12-06,2025-01-17,DISPATCHED,REVIEW_REQUIRED,Fridge-3,DON_00453
BU-3720B857,HOSP_A,O_POSITIVE,PLASMA,2024-02-26,2025-02-25,AVAILABLE,PASSED,Shelf-A2,DON_00146
BU-150F4234,BB_B,A_POSITIVE,RBC,2024-12-30,2025-02-10,AVAILABLE,REVIEW_REQUIRED,Platelet-Agitator-1,DON_00306
BU-A85C56D4,HOSP_B,B_POSITIVE,RBC,2024-11-22,2025-01-03,EXPIRED,FAILED,Platelet-Agitator-1,DON_00174
BU-5E423B82,HOSP_A,A_POSITIVE,RBC,2024-12-25,2025-02-05,DISPATCHED,PASSED,Fridge-1,DON_00637
BU-9A065780,HOSP_D,A_POSITIVE,WHOLE_BLOOD,2024-12-12,2025-01-16,RECEIVED,PASSED,Fridge-3,DON_00541
BU-4C68C4CB,BB_A,O_POSITIVE,RBC,2024-12-05,2025-01-16,EXPIRED,PASSED,Shelf-B2,DON_00255
BU-68C56711,HOSP_A,O_NEGATIVE,PLASMA,2024-05-26,2025-05-26,USED,PASSED,Platelet-Agitator-1,DON_00624
BU-8184DC23,BB_B,O_POSITIVE,RBC,2024-12-21,2025-02-01,DISPATCHED,PASSED,Shelf-C1,DON_00717
BU-BE47A29E,HOSP_B,O_POSITIVE,WHOLE_BLOOD,2024-12-01,2025-01-05,DISPATCHED,PASSED,Shelf-B2,DON_00319
BU-1A5CA048,HOSP_D,O_POSITIVE,RBC,2024-11-27,2025-01-08,RESERVED,PASSED,Fridge-2,DON_00112
BU-DD75595C,HOSP_A,B_POSITIVE,PLASMA,2024-05-10,2025-05-10,AVAILABLE,PASSED,Platelet-Agitator-1,DON_00800
BU-365CCB98,HOSP_B,O_POSITIVE,WHOLE_BLOOD,2024-12-08,2025-01-12,DISPATCHED,FAILED,Platelet-Agitator-1,DON_00287
BU-D45AAD92,HOSP_D,O_NEGATIVE,WHOLE_BLOOD,2024-12-11,2025-01-15,QUARANTINED,REVIEW_REQUIRED,Shelf-B1,DON_00315
BU-BF97E0B7,HOSP_C,A_POSITIVE,RBC,2024-11-22,2025-01-03,DISPATCHED,FAILED,Shelf-B1,DON_00012
BU-A39A910B,HOSP_E,O_POSITIVE,PLATELETS,2024-12-28,2025-01-02,EXPIRED,PASSED,Shelf-B1,DON_00190
BU-F8DBE9FB,BB_B,O_POSITIVE,WHOLE_BLOOD,2024-12-11,2025-01-15,DISPATCHED,FAILED,Shelf-A1,DON_00732
BU-8642E784,HOSP_D,AB_POSITIVE,RBC,2024-12-04,2025-01-15,USED,PASSED,Fridge-1,DON_00767
BU-3535CF8E,HOSP_D,B_POSITIVE,PLATELETS,2024-12-28,2025-01-02,USED,REVIEW_REQUIRED,Fridge-2,DON_00708
BU-C596B299,HOSP_D,O_POSITIVE,RBC,2024-11-27,2025-01-08,AVAILABLE,FAILED,Shelf-B2,DON_00090
BU-57F989FC,BB_A,O_POSITIVE,WHOLE_BLOOD,2024-12-07,2025-01-11,RECEIVED,PASSED,Platelet-Agitator-1,DON_00250
BU-CB7611ED,HOSP_D,A_POSITIVE,PLATELETS,2024-12-26,2024-12-31,AVAILABLE,PASSED,Fridge-3,DON_00086
BU-F353A223,HOSP_D,B_POSITIVE,PLATELETS,2024-12-29,2025-01-03,QUARANTINED,FAILED,Shelf-C1,DON_00332
BU-A69B6948,HOSP_B,B_POSITIVE,PLATELETS,2024-12-31,2025-01-05,QUARANTINED,FAILED,Platelet-Agitator-1,DON_00401
BU-44FE4740,HOSP_A,B_NEGATIVE,WHOLE_BLOOD,2024-11-29,2025-01-03,AVAILABLE,REVIEW_REQUIRED,Shelf-A1,DON_00107
BU-1C060377,BB_B,A_POSITIVE,PLATELETS,2024-12-29,2025-01-03,QUARANTINED,FAILED,Fridge-3,DON_00322
BU-60ECE1EA,HOSP_C,AB_POSITIVE,PLASMA,2024-09-26,2025-09-26,AVAILABLE,PASSED,Fridge-2,DON_00775
BU-B2D5C273,HOSP_A,B_POSITIVE,PLASMA,2024-09-25,2025-09-25,AVAILABLE,PASSED,Shelf-B2,DON_00373
BU-87206D57,HOSP_E,B_POSITIVE,WHOLE_BLOOD,2024-12-30,2025-02-03,AVAILABLE,PASSED,Shelf-A2,DON_00403
BU-9F1B71CA,HOSP_B,O_NEGATIVE,PLASMA,2024-03-15,2025-03-15,RECEIVED,PASSED,Fridge-2,DON_00211
BU-880E7954,HOSP_E,A_NEGATIVE,RBC,2024-11-29,2025-01-10,QUARANTINED,REVIEW_REQUIRED,Shelf-A2,DON_00088
BU-3226707C,BB_B,O_POSITIVE,PLASMA,2024-08-28,2025-08-28,RECEIVED,PASSED,Shelf-B1,DON_00380
BU-E9517E2B,BB_A,A_POSITIVE,WHOLE_BLOOD,2024-12-19,2025-01-23,AVAILABLE,PASSED,Shelf-B1,DON_00160
BU-D387ECEA,HOSP_A,A_POSITIVE,RBC,2024-12-28,2025-02-08,EXPIRED,PENDING,Shelf-A2,DON_00640
BU-5B266BAF,HOSP_E,A_POSITIVE,PLATELETS,2024-12-27,2025-01-01,DISPATCHED,FAILED,Shelf-B1,DON_00093
BU-4EC8C861,HOSP_C,O_POSITIVE,WHOLE_BLOOD,2024-12-22,2025-01-26,USED,PASSED,Fridge-1,DON_00622
BU-84860D9C,HOSP_C,O_POSITIVE,WHOLE_BLOOD,2024-12-26,2025-01-30,AVAILABLE,PASSED,Fridge-1,DON_00203
BU-8F2D8D2D,HOSP_C,O_NEGATIVE,RBC,2024-12-22,2025-02-02,EXPIRED,PASSED,Fridge-3,DON_00205
BU-67B6742C,BB_B,A_POSITIVE,PLASMA,2024-07-02,2025-07-02,RECEIVED,PASSED,Shelf-A1,DON_00159
BU-FC0D64A4,BB_A,A_POSITIVE,RBC,2024-12-16,2025-01-27,QUARANTINED,REVIEW_REQUIRED,Fridge-3,DON_00597
BU-60787F44,HOSP_B,O_POSITIVE,WHOLE_BLOOD,2024-12-09,2025-01-13,QUARANTINED,REVIEW_REQUIRED,Shelf-A2,DON_00225
BU-802850D1,HOSP_E,O_POSITIVE,WHOLE_BLOOD,2024-11-28,2025-01-02,QUARANTINED,FAILED,Platelet-Agitator-1,DON_00447
BU-8C62895E,HOSP_A,O_POSITIVE,PLATELETS,2024-12-27,2025-01-01,USED,PENDING,Shelf-C1,DON_00003
BU-27F659D9,BB_A,O_POSITIVE,WHOLE_BLOOD,2024-12-04,2025-01-08,AVAILABLE,PASSED,Fridge-1,DON_00514
BU-0E5139AA,BB_B,O_POSITIVE,RBC,2024-11-28,2025-01-09,AVAILABLE,PASSED,Fridge-3,DON_00651
BU-6793DDB2,HOSP_E,B_POSITIVE,PLATELETS,2024-12-28,2025-01-02,DISPATCHED,PASSED,Shelf-C1,DON_00620
BU-8F616DA0,HOSP_E,O_NEGATIVE,PLASMA,2024-07-22,2025-07-22,AVAILABLE,PASSED,Shelf-B1,DON_00593
BU-2AFA5D67,HOSP_B,A_POSITIVE,PLATELETS,2024-12-30,2025-01-04,AVAILABLE,PASSED,Shelf-C1,DON_00559
BU-7A37B714,BB_A,B_POSITIVE,RBC,2024-11-25,2025-01-06,RESERVED,PASSED,Platelet-Agitator-1,DON_00459
BU-F4528AF7,BB_B,O_POSITIVE,WHOLE_BLOOD,2024-12-20,2025-01-24,RESERVED,PASSED,Fridge-3,DON_00109
BU-5129F7D8,HOSP_D,A_POSITIVE,PLASMA,2024-08-15,2025-08-15,QUARANTINED,FAILED,Fridge-2,DON_00521
BU-B6EFF3F6,BB_A,O_POSITIVE,RBC,2024-12-12,2025-01-23,USED,PASSED,Fridge-3,DON_00553
BU-97B655E7,HOSP_C,O_POSITIVE,RBC,2024-12-28,2025-02-08,EXPIRED,PASSED,Fridge-3,DON_00726
BU-17FDFF5C,BB_A,A_POSITIVE,PLASMA,2024-09-04,2025-09-04,USED,FAILED,Fridge-2,DON_00321
BU-5B387CD2,BB_A,B_POSITIVE,RBC,2024-12-12,2025-01-23,DISPATCHED,PENDING,Fridge-2,DON_00637
BU-13D06513,HOSP_C,O_POSITIVE,PLATELETS,2024-12-26,2024-12-31,DISPATCHED,PASSED,Shelf-B1,DON_00077
BU-AE88CDBE,BB_A,O_POSITIVE,WHOLE_BLOOD,2024-11-27,2025-01-01,AVAILABLE,PASSED,Fridge-2,DON_00581
BU-479ECAB7,HOSP_C,A_POSITIVE,WHOLE_BLOOD,2024-12-13,2025-01-17,USED,PASSED,Shelf-C1,DON_00443
BU-5DDE7066,HOSP_C,O_POSITIVE,PLATELETS,2024-12-27,2025-01-01,RESERVED,PENDING,Fridge-2,DON_00326
BU-42DA12F8,BB_B,O_POSITIVE,PLASMA,2024-08-01,2025-08-01,AVAILABLE,PENDING,Shelf-B1,DON_00479
BU-CC8A5BB6,HOSP_D,B_POSITIVE,WHOLE_BLOOD,2024-12-24,2025-01-28,AVAILABLE,PASSED,Shelf-B1,DON_00239
BU-EEC31F0C,HOSP_C,A_NEGATIVE,PLASMA,2024-07-24,2025-07-24,DISPATCHED,PASSED,Shelf-A1,DON_00109
BU-2C3E178E,HOSP_B,A_NEGATIVE,WHOLE_BLOOD,2024-12-13,2025-01-17,AVAILABLE,REVIEW_REQUIRED,Shelf-B1,DON_00412
BU-C12397D1,HOSP_B,A_POSITIVE,RBC,2024-12-19,2025-01-30,AVAILABLE,PASSED,Platelet-Agitator-1,DON_00726
BU-BE3901AC,BB_B,O_POSITIVE,WHOLE_BLOOD,2024-12-08,2025-01-12,EXPIRED,PASSED,Fridge-2,DON_00475
BU-8FFDFCB6,BB_B,O_NEGATIVE,WHOLE_BLOOD,2024-12-06,2025-01-10,AVAILABLE,PASSED,Shelf-B1,DON_00520
BU-F96E0C41,HOSP_A,B_NEGATIVE,WHOLE_BLOOD,2024-12-04,2025-01-08,RESERVED,PASSED,Shelf-B2,DON_00363
BU-90A7F39D,HOSP_B,O_NEGATIVE,WHOLE_BLOOD,2024-11-30,2025-01-04,RECEIVED,PASSED,Shelf-B1,DON_00579
BU-2D5AAD0A,HOSP_C,A_POSITIVE,RBC,2024-11-21,2025-01-02,RESERVED,PASSED,Fridge-2,DON_00565
BU-24412522,BB_B,O_POSITIVE,PLASMA,2024-12-02,2025-12-02,EXPIRED,FAILED,Shelf-B2,DON_00216
BU-F77C8788,HOSP_D,A_POSITIVE,PLASMA,2024-09-19,2025-09-19,EXPIRED,PASSED,Shelf-A1,DON_00721
BU-51B3341E,HOSP_E,A_POSITIVE,RBC,2024-12-20,2025-01-31,AVAILABLE,REVIEW_REQUIRED,Platelet-Agitator-1,DON_00543
BU-CFDE3544,BB_A,O_NEGATIVE,PLASMA,2024-03-20,2025-03-20,RECEIVED,PASSED,Fridge-2,DON_00283
BU-B1601A6B,BB_A,B_POSITIVE,PLASMA,2024-05-22,2025-05-22,RECEIVED,PASSED,Shelf-B1,DON_00577
BU-61AE7946,HOSP_D,O_POSITIVE,RBC,2024-12-05,2025-01-16,EXPIRED,PASSED,Fridge-2,DON_00738
BU-3EBD2260,HOSP_B,A_POSITIVE,PLATELETS,2024-12-27,2025-01-01,RESERVED,PASSED,Shelf-B1,DON_00228
BU-D57EA12F,HOSP_E,O_POSITIVE,PLASMA,2024-04-23,2025-04-23,RECEIVED,PASSED,Shelf-C1,DON_00513
BU-08017B96,HOSP_E,O_POSITIVE,PLATELETS,2024-12-26,2024-12-31,AVAILABLE,FAILED,Fridge-2,DON_00107
BU-F41F62E6,HOSP_D,B_POSITIVE,WHOLE_BLOOD,2024-12-23,2025-01-27,AVAILABLE,FAILED,Platelet-Agitator-1,DON_00777
BU-1A1F3832,HOSP_E,A_POSITIVE,PLATELETS,2024-12-26,2024-12-31,RESERVED,PENDING,Shelf-C1,DON_00458
BU-C258B972,HOSP_C,O_POSITIVE,PLASMA,2024-02-12,2025-02-11,RESERVED,PASSED,Shelf-B1,DON_00017
BU-DC182440,HOSP_C,B_POSITIVE,PLASMA,2024-07-14,2025-07-14,QUARANTINED,REVIEW_REQUIRED,Fridge-2,DON_00031
BU-BA56AEAD,HOSP_A,O_POSITIVE,RBC,2024-12-08,2025-01-19,RECEIVED,FAILED,Platelet-Agitator-1,DON_00570
BU-052F4CBA,HOSP_C,O_POSITIVE,RBC,2024-12-04,2025-01-15,RESERVED,PENDING,Fridge-1,DON_00355
BU-A8E077FD,BB_A,A_POSITIVE,RBC,2024-12-09,2025-01-20,AVAILABLE,PENDING,Platelet-Agitator-1,DON_00571
BU-DD2162D7,HOSP_D,A_POSITIVE,WHOLE_BLOOD,2024-12-15,2025-01-19,USED,PENDING,Shelf-A2,DON_00673
BU-E30D21F6,HOSP_D,O_POSITIVE,PLATELETS,2024-12-30,2025-01-04,RESERVED,PASSED,Fridge-1,DON_00532
BU-8EE3226E,BB_A,O_POSITIVE,RBC,2024-11-20,2025-01-01,USED,PASSED,Shelf-B1,DON_00738
BU-5EE61905,HOSP_D,B_POSITIVE,PLATELETS,2024-12-27,2025-01-01,QUARANTINED,FAILED,Shelf-C1,DON_00639
BU-73762B7F,HOSP_B,A_POSITIVE,PLASMA,2024-10-28,2025-10-28,AVAILABLE,PASSED,Shelf-B1,DON_00421
BU-00EE0E96,HOSP_A,B_NEGATIVE,PLASMA,2024-07-21,2025-07-21,DISPATCHED,PENDING,Platelet-Agitator-1,DON_00106
BU-68C66E35,HOSP_B,A_POSITIVE,RBC,2024-11-20,2025-01-01,QUARANTINED,FAILED,Platelet-Agitator-1,DON_00633
BU-741751A2,HOSP_E,A_POSITIVE,RBC,2024-12-21,2025-02-01,AVAILABLE,FAILED,Fridge-3,DON_00765
BU-E91BA63C,HOSP_E,O_POSITIVE,WHOLE_BLOOD,2024-11-27,2025-01-01,AVAILABLE,PASSED,Shelf-B1,DON_00219
BU-59911AD6,HOSP_D,O_POSITIVE,PLATELETS,2024-12-30,2025-01-04,RESERVED,FAILED,Shelf-C1,DON_00535
BU-78675257,HOSP_C,O_POSITIVE,PLASMA,2024-04-22,2025-04-22,AVAILABLE,REVIEW_REQUIRED,Shelf-B2,DON_00055
BU-9B13CD6E,HOSP_E,A_POSITIVE,RBC,2024-12-01,2025-01-12,AVAILABLE,FAILED,Fridge-1,DON_00059
BU-A469947B,HOSP_D,A_NEGATIVE,PLASMA,2024-10-13,2025-10-13,QUARANTINED,FAILED,Fridge-1,DON_00432
BU-6BB1A408,HOSP_C,B_POSITIVE,WHOLE_BLOOD,2024-12-10,2025-01-14,QUARANTINED,FAILED,Shelf-A1,DON_00641
BU-DE540F85,BB_B,B_POSITIVE,PLASMA,2024-05-01,2025-05-01,QUARANTINED,REVIEW_REQUIRED,Fridge-2,DON_00017
BU-1969B6CA,HOSP_E,A_POSITIVE,RBC,2024-12-16,2025-01-27,RECEIVED,FAILED,Shelf-B1,DON_00174
BU-98410BDF,HOSP_E,B_POSITIVE,WHOLE_BLOOD,2024-11-28,2025-01-02,QUARANTINED,FAILED,Shelf-B1,DON_00515
BU-EBC97378,HOSP_B,O_POSITIVE,PLATELETS,2024-12-29,2025-01-03,AVAILABLE,PASSED,Shelf-A2,DON_00514
BU-D08C1031,HOSP_A,O_POSITIVE,WHOLE_BLOOD,2024-11-27,2025-01-01,RESERVED,PASSED,Platelet-Agitator-1,DON_00165
BU-5C9F3DBC,HOSP_A,O_POSITIVE,RBC,2024-12-11,2025-01-22,EXPIRED,PASSED,Shelf-B1,DON_00243
BU-EBC36021,HOSP_B,O_POSITIVE,WHOLE_BLOOD,2024-12-11,2025-01-15,QUARANTINED,REVIEW_REQUIRED,Shelf-B1,DON_00548
BU-FC34D963,BB_A,O_POSITIVE,PLASMA,2024-06-07,2025-06-07,AVAILABLE,PASSED,Shelf-C1,DON_00222
BU-F130166F,HOSP_C,O_POSITIVE,PLASMA,2024-06-06,2025-06-06,QUARANTINED,REVIEW_REQUIRED,Platelet-Agitator-1,DON_00779
BU-F7858C89,BB_B,O_POSITIVE,PLATELETS,2024-12-26,2024-12-31,AVAILABLE,PASSED,Fridge-1,DON_00470
BU-1C85DA9B,HOSP_A,O_POSITIVE,WHOLE_BLOOD,2024-12-02,2025-01-06,EXPIRED,PASSED,Shelf-C1,DON_00336
BU-2C70D113,BB_B,B_POSITIVE,RBC,2024-12-27,2025-02-07,RECEIVED,PENDING,Platelet-Agitator-1,DON_00151
BU-4E18AB8E,HOSP_E,O_POSITIVE,RBC,2024-11-25,2025-01-06,DISPATCHED,PASSED,Shelf-C1,DON_00051
BU-B973FF51,HOSP_E,A_POSITIVE,RBC,2024-12-09,2025-01-20,USED,PASSED,Fridge-3,DON_00006
BU-AF81C259,BB_B,A_POSITIVE,PLATELETS,2024-12-29,2025-01-03,USED,FAILED,Shelf-A1,DON_00727
BU-41965EFB,HOSP_A,O_NEGATIVE,WHOLE_BLOOD,2024-11-27,2025-01-01,AVAILABLE,PASSED,Shelf-A2,DON_00228
BU-86BC5E39,HOSP_E,B_POSITIVE,RBC,2024-11-26,2025-01-07,USED,PASSED,Shelf-B1,DON_00734
BU-A2B0B971,HOSP_E,O_POSITIVE,PLATELETS,2024-12-31,2025-01-05,EXPIRED,PENDING,Shelf-A1,DON_00584
BU-D8967E4C,HOSP_C,O_POSITIVE,RBC,2024-11-28,2025-01-09,QUARANTINED,REVIEW_REQUIRED,Fridge-3,DON_00553
BU-16EA3E0F,BB_B,A_POSITIVE,PLATELETS,2024-12-30,2025-01-04,RECEIVED,PASSED,Shelf-C1,DON_00142
BU-9CBF6B00,HOSP_C,B_POSITIVE,PLATELETS,2024-12-31,2025-01-05,DISPATCHED,PASSED,Platelet-Agitator-1,DON_00051
BU-381B7BE3,BB_A,AB_POSITIVE,RBC,2024-12-23,2025-02-03,AVAILABLE,PASSED,Platelet-Agitator-1,DON_00015
BU-3CFA7555,HOSP_A,A_POSITIVE,WHOLE_BLOOD,2024-12-27,2025-01-31,DISPATCHED,PASSED,Shelf-A1,DON_00232
BU-A48C4EB0,HOSP_D,A_POSITIVE,WHOLE_BLOOD,2024-12-21,2025-01-25,USED,PASSED,Fridge-1,DON_00496
BU-75B3F7AD,BB_A,A_POSITIVE,RBC,2024-11-24,2025-01-05,EXPIRED,PENDING,Shelf-B2,DON_00552
BU-8DBFDCC3,HOSP_B,O_NEGATIVE,PLASMA,2024-10-08,2025-10-08,AVAILABLE,PASSED,Shelf-A1,DON_00120
BU-80B32128,HOSP_E,B_POSITIVE,PLATELETS,2024-12-30,2025-01-04,AVAILABLE,PENDING,Shelf-A1,DON_00372
BU-029A2671,HOSP_B,A_POSITIVE,PLATELETS,2024-12-29,2025-01-03,EXPIRED,PASSED,Shelf-A1,DON_00166
BU-BCCD0791,HOSP_B,O_POSITIVE,WHOLE_BLOOD,2024-12-30,2025-02-03,RECEIVED,PASSED,Fridge-3,DON_00028
BU-40EBE65D,HOSP_B,O_POSITIVE,PLATELETS,2024-12-29,2025-01-03,DISPATCHED,PASSED,Fridge-3,DON_00115
BU-A4C6FB14,HOSP_E,B_POSITIVE,WHOLE_BLOOD,2024-12-01,2025-01-05,RESERVED,REVIEW_REQUIRED,Shelf-A2,DON_00229
BU-4F3C3A08,HOSP_C,O_POSITIVE,PLATELETS,2024-12-26,2024-12-31,EXPIRED,PASSED,Shelf-B1,DON_00739
BU-81E9D795,HOSP_D,B_POSITIVE,PLASMA,2024-09-13,2025-09-13,USED,PASSED,Shelf-B2,DON_00717
BU-A7E709A2,HOSP_D,A_POSITIVE,PLATELETS,2024-12-30,2025-01-04,AVAILABLE,PASSED,Shelf-C1,DON_00066
BU-4198069D,HOSP_E,O_POSITIVE,PLATELETS,2024-12-31,2025-01-05,RESERVED,FAILED,Fridge-2,DON_00028
BU-E2A8F0D6,HOSP_A,AB_POSITIVE,PLATELETS,2024-12-28,2025-01-02,AVAILABLE,PASSED,Fridge-2,DON_00773
BU-5FC13A28,HOSP_B,A_POSITIVE,RBC,2024-11-19,2024-12-31,AVAILABLE,FAILED,Fridge-1,DON_00391
BU-35BAB853,HOSP_D,O_POSITIVE,RBC,2024-11-28,2025-01-09,QUARANTINED,REVIEW_REQUIRED,Shelf-B2,DON_00117
BU-62CEEB64,HOSP_A,A_POSITIVE,RBC,2024-12-17,2025-01-28,DISPATCHED,PASSED,Shelf-B1,DON_00123
BU-72F117E6,BB_B,O_NEGATIVE,PLATELETS,2024-12-27,2025-01-01,DISPATCHED,PASSED,Shelf-C1,DON_00669
BU-C7EAD0D0,HOSP_D,O_NEGATIVE,WHOLE_BLOOD,2024-12-21,2025-01-25,DISPATCHED,PASSED,Fridge-1,DON_00041
BU-C97FB626,HOSP_D,A_POSITIVE,PLATELETS,2024-12-28,2025-01-02,RECEIVED,PASSED,Fridge-2,DON_00248
BU-3534E2A1,BB_A,B_POSITIVE,PLATELETS,2024-12-27,2025-01-01,RESERVED,REVIEW_REQUIRED,Shelf-A1,DON_00780
BU-545EF163,HOSP_B,A_POSITIVE,RBC,2024-11-27,2025-01-08,AVAILABLE,PASSED,Shelf-A2,DON_00493
BU-B58B51D8,BB_A,A_POSITIVE,RBC,2024-12-19,2025-01-30,DISPATCHED,PASSED,Shelf-A2,DON_00528
BU-8182FA8B,BB_B,AB_POSITIVE,RBC,2024-12-20,2025-01-31,USED,PASSED,Shelf-C1,DON_00759
BU-C2E933B0,HOSP_A,AB_NEGATIVE,PLASMA,2024-07-30,2025-07-30,AVAILABLE,PASSED,Fridge-3,DON_00498
BU-4A97BB64,HOSP_A,O_POSITIVE,PLASMA,2024-04-16,2025-04-16,EXPIRED,PASSED,Shelf-A2,DON_00491
BU-4EC1A4B4,HOSP_D,A_POSITIVE,PLASMA,2024-08-10,2025-08-10,QUARANTINED,FAILED,Fridge-1,DON_00091
BU-B53163F0,HOSP_D,O_POSITIVE,RBC,2024-12-09,2025-01-20,DISPATCHED,PENDING,Platelet-Agitator-1,DON_00528
BU-E6CF73F5,HOSP_B,A_POSITIVE,RBC,2024-12-27,2025-02-07,AVAILABLE,PASSED,Shelf-A2,DON_00130
BU-28FF2198,HOSP_D,A_POSITIVE,PLASMA,2024-09-11,2025-09-11,USED,PASSED,Fridge-2,DON_00709
BU-978389C6,HOSP_D,O_POSITIVE,WHOLE_BLOOD,2024-12-11,2025-01-15,AVAILABLE,PASSED,Shelf-A2,DON_00400
BU-626C473F,BB_B,B_POSITIVE,WHOLE_BLOOD,2024-12-25,2025-01-29,AVAILABLE,REVIEW_REQUIRED,Shelf-B1,DON_00200
BU-D8EAD256,HOSP_A,A_POSITIVE,WHOLE_BLOOD,2024-12-12,2025-01-16,QUARANTINED,FAILED,Fridge-3,DON_00186
BU-AECE7EF8,HOSP_D,A_POSITIVE,WHOLE_BLOOD,2024-12-01,2025-01-05,AVAILABLE,FAILED,Fridge-3,DON_00765
BU-963FFCD0,BB_B,A_NEGATIVE,RBC,2024-12-05,2025-01-16,AVAILABLE,PENDING,Shelf-A2,DON_00735
BU-4CEA12A1,BB_B,AB_POSITIVE,PLASMA,2024-06-03,2025-06-03,AVAILABLE,FAILED,Fridge-3,DON_00379
BU-E779D0D9,BB_A,O_POSITIVE,PLATELETS,2024-12-29,2025-01-03,RECEIVED,PASSED,Shelf-C1,DON_00271
BU-44672179,BB_A,A_POSITIVE,WHOLE_BLOOD,2024-12-20,2025-01-24,EXPIRED,PASSED,Shelf-C1,DON_00765
BU-7F53D26D,HOSP_E,O_POSITIVE,PLASMA,2024-02-26,2025-02-25,AVAILABLE,REVIEW_REQUIRED,Shelf-A1,DON_00286
BU-F124F3F9,HOSP_C,A_POSITIVE,WHOLE_BLOOD,2024-12-13,2025-01-17,RESERVED,PASSED,Shelf-B2,DON_00007
BU-66586856,BB_B,O_POSITIVE,PLATELETS,2024-12-30,2025-01-04,AVAILABLE,PENDING,Fridge-3,DON_00417
BU-61B6AA1E,HOSP_B,A_POSITIVE,RBC,2024-11-27,2025-01-08,RECEIVED,PASSED,Shelf-B1,DON_00653
BU-53AB84ED,HOSP_E,A_POSITIVE,PLASMA,2024-11-04,2025-11-04,AVAILABLE,PASSED,Shelf-A1,DON_00391
BU-F2704069,HOSP_A,A_POSITIVE,RBC,2024-12-01,2025-01-12,USED,PASSED,Fridge-3,DON_00506
BU-8865BAB6,HOSP_D,AB_POSITIVE,WHOLE_BLOOD,2024-12-07,2025-01-11,RESERVED,PASSED,Platelet-Agitator-1,DON_00516
BU-770B3E17,HOSP_D,B_POSITIVE,PLASMA,2024-10-04,2025-10-04,EXPIRED,PASSED,Fridge-3,DON_00576
BU-D9B59AEC,HOSP_C,O_POSITIVE,RBC,2024-11-24,2025-01-05,RECEIVED,PASSED,Fridge-2,DON_00358
BU-D56F4576,HOSP_B,O_POSITIVE,WHOLE_BLOOD,2024-12-22,2025-01-26,RESERVED,PENDING,Fridge-2,DON_00014
BU-851AC81F,BB_A,O_POSITIVE,RBC,2024-12-12,2025-01-23,EXPIRED,REVIEW_REQUIRED,Shelf-C1,DON_00336
BU-94979AF9,HOSP_E,O_NEGATIVE,PLATELETS,2024-12-28,2025-01-02,AVAILABLE,PASSED,Fridge-1,DON_00130
BU-1C0B7F3B,HOSP_E,O_POSITIVE,PLASMA,2024-04-14,2025-04-14,RECEIVED,FAILED,Shelf-A1,DON_00156
BU-5B2DBEE9,BB_B,O_POSITIVE,RBC,2024-12-23,2025-02-03,USED,PASSED,Shelf-C1,DON_00268
BU-7FD256E1,HOSP_B,O_NEGATIVE,PLASMA,2024-01-14,2025-01-13,EXPIRED,PASSED,Shelf-C1,DON_00385
BU-C0B2B2CF,BB_B,A_NEGATIVE,WHOLE_BLOOD,2024-12-19,2025-01-23,AVAILABLE,PASSED,Fridge-1,DON_00328
BU-54E993A1,HOSP_E,O_POSITIVE,PLATELETS,2024-12-29,2025-01-03,USED,PASSED,Shelf-B2,DON_00442
BU-8F637C0D,HOSP_B,O_POSITIVE,PLATELETS,2024-12-27,2025-01-01,AVAILABLE,PASSED,Shelf-A1,DON_00762
BU-D6DA387E,HOSP_D,O_POSITIVE,PLASMA,2024-10-12,2025-10-12,EXPIRED,PASSED,Shelf-B1,DON_00152
BU-DE5D3931,HOSP_C,A_NEGATIVE,PLATELETS,2024-12-30,2025-01-04,AVAILABLE,PASSED,Shelf-B2,DON_00543
BU-2D756276,HOSP_A,O_POSITIVE,RBC,2024-12-01,2025-01-12,AVAILABLE,PASSED,Fridge-2,DON_00328
BU-34875F64,HOSP_B,O_NEGATIVE,PLASMA,2024-08-12,2025-08-12,AVAILABLE,PASSED,Fridge-1,DON_00579
BU-F805A7ED,HOSP_D,A_POSITIVE,PLASMA,2024-06-05,2025-06-05,RESERVED,PASSED,Platelet-Agitator-1,DON_00097
BU-589CD63E,HOSP_C,A_NEGATIVE,PLASMA,2024-04-27,2025-04-27,QUARANTINED,REVIEW_REQUIRED,Shelf-A1,DON_00101
BU-F8E165B4,HOSP_D,A_POSITIVE,PLATELETS,2024-12-27,2025-01-01,AVAILABLE,PENDING,Fridge-2,DON_00521
BU-5309BF91,HOSP_D,A_NEGATIVE,RBC,2024-12-11,2025-01-22,USED,PASSED,Shelf-B1,DON_00279
BU-DC782DF5,BB_A,B_POSITIVE,WHOLE_BLOOD,2024-11-29,2025-01-03,USED,PASSED,Fridge-3,DON_00205
BU-CFB07BCB,HOSP_A,B_POSITIVE,WHOLE_BLOOD,2024-12-05,2025-01-09,AVAILABLE,PASSED,Fridge-3,DON_00176
BU-0AD60338,HOSP_A,A_POSITIVE,WHOLE_BLOOD,2024-12-13,2025-01-17,RECEIVED,PASSED,Fridge-1,DON_00257
BU-EC438B60,HOSP_E,A_POSITIVE,PLASMA,2024-07-22,2025-07-22,DISPATCHED,PASSED,Shelf-B1,DON_00420
BU-60541047,HOSP_C,O_POSITIVE,PLATELETS,2024-12-29,2025-01-03,RESERVED,PASSED,Shelf-C1,DON_00267
BU-56E291AD,HOSP_C,O_POSITIVE,RBC,2024-12-23,2025-02-03,RECEIVED,PASSED,Fridge-2,DON_00127
BU-ACC485BE,BB_A,B_POSITIVE,RBC,2024-11-24,2025-01-05,RESERVED,PASSED,Fridge-1,DON_00775
BU-6DA68716,BB_A,O_POSITIVE,WHOLE_BLOOD,2024-12-15,2025-01-19,AVAILABLE,PASSED,Fridge-1,DON_00080
BU-07284F9E,HOSP_C,O_NEGATIVE,RBC,2024-12-31,2025-02-11,AVAILABLE,FAILED,Shelf-A1,DON_00483
BU-53B123E7,HOSP_A,O_NEGATIVE,RBC,2024-11-20,2025-01-01,AVAILABLE,PENDING,Fridge-2,DON_00294
BU-E543F6DD,HOSP_B,A_POSITIVE,RBC,2024-11-29,2025-01-10,AVAILABLE,PASSED,Shelf-A2,DON_00301
BU-C5A4B886,HOSP_E,B_POSITIVE,PLATELETS,2024-12-29,2025-01-03,QUARANTINED,REVIEW_REQUIRED,Shelf-A2,DON_00522
BU-7B3F4A05,HOSP_C,O_POSITIVE,WHOLE_BLOOD,2024-12-07,2025-01-11,AVAILABLE,PENDING,Shelf-B1,DON_00031
BU-BEA31914,HOSP_B,B_POSITIVE,PLASMA,2024-07-07,2025-07-07,AVAILABLE,PASSED,Platelet-Agitator-1,DON_00472
BU-700477FC,HOSP_B,A_POSITIVE,WHOLE_BLOOD,2024-11-28,2025-01-02,QUARANTINED,REVIEW_REQUIRED,Platelet-Agitator-1,DON_00377
BU-B421D7BB,HOSP_E,O_NEGATIVE,PLASMA,2024-09-01,2025-09-01,AVAILABLE,PASSED,Shelf-B2,DON_00104
BU-A01D462A,HOSP_C,A_POSITIVE,PLASMA,2024-01-05,2025-01-04,EXPIRED,PASSED,Fridge-3,DON_00626
BU-E4F3D15B,BB_B,A_POSITIVE,PLASMA,2024-09-26,2025-09-26,EXPIRED,PASSED,Shelf-A2,DON_00077
BU-2DFE8F3E,HOSP_B,A_NEGATIVE,RBC,2024-12-15,2025-01-26,AVAILABLE,PASSED,Fridge-1,DON_00309
BU-A8A86C3C,HOSP_D,O_POSITIVE,PLASMA,2024-07-13,2025-07-13,RESERVED,PASSED,Fridge-3,DON_00705
BU-26DA31B5,BB_B,O_POSITIVE,RBC,2024-12-07,2025-01-18,AVAILABLE,FAILED,Shelf-A2,DON_00415
BU-EE3BDB5B,HOSP_E,O_POSITIVE,PLASMA,2024-04-03,2025-04-03,AVAILABLE,REVIEW_REQUIRED,Shelf-C1,DON_00267
BU-F2A2A219,HOSP_C,A_POSITIVE,WHOLE_BLOOD,2024-12-30,2025-02-03,EXPIRED,PENDING,Shelf-C1,DON_00735
BU-6E7364C0,BB_B,B_POSITIVE,WHOLE_BLOOD,2024-12-07,2025-01-11,DISPATCHED,PASSED,Fridge-3,DON_00715
BU-4394C881,HOSP_A,O_POSITIVE,PLASMA,2024-05-11,2025-05-11,DISPATCHED,PASSED,Shelf-B1,DON_00555
BU-F75E95F1,BB_B,A_POSITIVE,PLASMA,2024-05-16,2025-05-16,USED,PENDING,Shelf-A2,DON_00231
BU-2C9478A8,BB_A,O_NEGATIVE,WHOLE_BLOOD,2024-12-18,2025-01-22,RECEIVED,FAILED,Shelf-C1,DON_00585
BU-AE0C336F,HOSP_D,B_NEGATIVE,PLASMA,2024-06-26,2025-06-26,AVAILABLE,PASSED,Shelf-A1,DON_00602
BU-75C50B46,HOSP_A,AB_POSITIVE,RBC,2024-11-24,2025-01-05,AVAILABLE,PASSED,Platelet-Agitator-1,DON_00479
BU-1BC7082C,HOSP_E,AB_POSITIVE,RBC,2024-12-24,2025-02-04,RESERVED,PENDING,Shelf-C1,DON_00567
BU-38AC6457,HOSP_A,AB_NEGATIVE,RBC,2024-11-21,2025-01-02,USED,PASSED,Fridge-3,DON_00487
BU-02576AFA,BB_B,A_POSITIVE,WHOLE_BLOOD,2024-12-24,2025-01-28,AVAILABLE,PENDING,Shelf-A2,DON_00255
BU-F95012DB,HOSP_A,A_POSITIVE,PLATELETS,2024-12-29,2025-01-03,AVAILABLE,PASSED,Fridge-3,DON_00033
BU-78C2A21F,HOSP_A,A_POSITIVE,PLASMA,2024-07-17,2025-07-17,EXPIRED,PENDING,Shelf-A2,DON_00348
BU-8DF905AC,BB_B,O_POSITIVE,PLATELETS,2024-12-31,2025-01-05,USED,PASSED,Fridge-2,DON_00544
BU-786EDA7F,HOSP_D,O_NEGATIVE,PLASMA,2024-04-19,2025-04-19,RESERVED,PASSED,Fridge-3,DON_00025
BU-6C5D3DA0,BB_B,O_POSITIVE,PLASMA,2024-05-07,2025-05-07,AVAILABLE,PASSED,Fridge-1,DON_00485
BU-D6692717,HOSP_C,A_NEGATIVE,WHOLE_BLOOD,2024-12-20,2025-01-24,RESERVED,PASSED,Fridge-3,DON_00738
BU-008DCA8A,HOSP_D,A_POSITIVE,WHOLE_BLOOD,2024-12-29,2025-02-02,AVAILABLE,PASSED,Shelf-C1,DON_00339
BU-E3C52E0A,HOSP_C,O_POSITIVE,PLASMA,2024-07-28,2025-07-28,AVAILABLE,PASSED,Shelf-B1,DON_00225
BU-2C57B1EE,BB_B,A_POSITIVE,PLASMA,2024-12-23,2025-12-23,RESERVED,FAILED,Fridge-3,DON_00799
BU-48EF7086,HOSP_D,O_POSITIVE,PLATELETS,2024-12-27,2025-01-01,AVAILABLE,FAILED,Fridge-1,DON_00222
BU-4B1ABFB0,HOSP_E,B_POSITIVE,PLATELETS,2024-12-27,2025-01-01,QUARANTINED,FAILED,Fridge-1,DON_00339
BU-8603D99C,HOSP_C,O_POSITIVE,PLATELETS,2024-12-28,2025-01-02,QUARANTINED,REVIEW_REQUIRED,Fridge-3,DON_00632
BU-28B587FD,HOSP_B,O_POSITIVE,RBC,2024-11-23,2025-01-04,DISPATCHED,PENDING,Fridge-1,DON_00488
BU-F73F4C32,HOSP_E,A_POSITIVE,PLASMA,2024-06-12,2025-06-12,AVAILABLE,PENDING,Shelf-C1,DON_00361
BU-3673FC64,BB_A,O_POSITIVE,WHOLE_BLOOD,2024-11-30,2025-01-04,AVAILABLE,PASSED,Platelet-Agitator-1,DON_00232
BU-DBB38137,BB_B,O_POSITIVE,WHOLE_BLOOD,2024-12-23,2025-01-27,QUARANTINED,FAILED,Shelf-B1,DON_00620
BU-90DB95E9,HOSP_D,O_NEGATIVE,PLASMA,2024-01-08,2025-01-07,AVAILABLE,PASSED,Shelf-B1,DON_00780
BU-D8A4BA90,HOSP_C,B_POSITIVE,PLASMA,2024-05-13,2025-05-13,QUARANTINED,FAILED,Shelf-A2,DON_00646
BU-7F2C02B9,BB_B,AB_POSITIVE,RBC,2024-12-30,2025-02-10,DISPATCHED,PENDING,Shelf-A1,DON_00736
BU-E471A659,HOSP_B,B_POSITIVE,WHOLE_BLOOD,2024-12-27,2025-01-31,AVAILABLE,PASSED,Shelf-B2,DON_00077
BU-5807BECB,HOSP_A,B_POSITIVE,RBC,2024-12-30,2025-02-10,AVAILABLE,PASSED,Shelf-A1,DON_00633
BU-DF5DA96F,HOSP_D,B_NEGATIVE,WHOLE_BLOOD,2024-12-08,2025-01-12,USED,PASSED,Shelf-A1,DON_00208
BU-50D8D881,HOSP_D,B_NEGATIVE,PLATELETS,2024-12-29,2025-01-03,QUARANTINED,REVIEW_REQUIRED,Shelf-A2,DON_00461
BU-551E6BC6,BB_A,B_NEGATIVE,RBC,2024-12-09,2025-01-20,RESERVED,REVIEW_REQUIRED,Shelf-B2,DON_00733
BU-A77E7CA6,HOSP_A,A_POSITIVE,PLASMA,2024-11-04,2025-11-04,AVAILABLE,PASSED,Fridge-2,DON_00489
BU-61EC3B03,HOSP_D,A_POSITIVE,PLASMA,2024-06-22,2025-06-22,AVAILABLE,PENDING,Fridge-2,DON_00073
BU-C99FEE2F,BB_B,A_POSITIVE,RBC,2024-12-10,2025-01-21,QUARANTINED,REVIEW_REQUIRED,Fridge-1,DON_00353
BU-AB5A0920,HOSP_B,A_NEGATIVE,RBC,2024-12-01,2025-01-12,USED,PENDING,Shelf-A2,DON_00720
BU-B95DFB5B,BB_A,A_POSITIVE,WHOLE_BLOOD,2024-12-13,2025-01-17,EXPIRED,PENDING,Shelf-A1,DON_00182
BU-779F2374,BB_B,A_POSITIVE,WHOLE_BLOOD,2024-12-21,2025-01-25,AVAILABLE,PASSED,Shelf-C1,DON_00374
BU-90D9F75B,HOSP_A,O_POSITIVE,PLASMA,2024-09-24,2025-09-24,AVAILABLE,PASSED,Platelet-Agitator-1,DON_00591
BU-CC75074D,BB_A,A_POSITIVE,RBC,2024-12-13,2025-01-24,RECEIVED,PENDING,Fridge-3,DON_00495
BU-59D3FA5F,HOSP_A,A_POSITIVE,PLASMA,2024-11-16,2025-11-16,QUARANTINED,FAILED,Shelf-B2,DON_00700
BU-544D65F9,HOSP_A,O_POSITIVE,WHOLE_BLOOD,2024-12-06,2025-01-10,AVAILABLE,FAILED,Shelf-A1,DON_00192
BU-C8D81904,HOSP_C,A_POSITIVE,WHOLE_BLOOD,2024-12-19,2025-01-23,RESERVED,PASSED,Shelf-A1,DON_00523
BU-24575716,BB_B,A_POSITIVE,PLATELETS,2024-12-26,2024-12-31,QUARANTINED,REVIEW_REQUIRED,Shelf-C1,DON_00362
BU-F3256A01,HOSP_B,B_POSITIVE,WHOLE_BLOOD,2024-12-05,2025-01-09,AVAILABLE,PASSED,Fridge-1,DON_00631
BU-08204E79,HOSP_C,O_POSITIVE,WHOLE_BLOOD,2024-12-12,2025-01-16,AVAILABLE,PENDING,Fridge-3,DON_00488
BU-52092360,BB_A,A_POSITIVE,PLASMA,2024-05-14,2025-05-14,RESERVED,PASSED,Platelet-Agitator-1,DON_00114
BU-A2FDC138,HOSP_A,O_NEGATIVE,PLATELETS,2024-12-28,2025-01-02,AVAILABLE,PASSED,Platelet-Agitator-1,DON_00632
BU-C32674EB,HOSP_E,A_POSITIVE,WHOLE_BLOOD,2024-12-01,2025-01-05,RESERVED,PASSED,Fridge-2,DON_00541
BU-133C5264,BB_A,O_POSITIVE,RBC,2024-12-12,2025-01-23,QUARANTINED,FAILED,Shelf-A1,DON_00163
BU-61E91C3C,BB_B,A_NEGATIVE,PLASMA,2024-09-06,2025-09-06,RECEIVED,REVIEW_REQUIRED,Shelf-A1,DON_00335
BU-1FE2F657,HOSP_A,B_NEGATIVE,PLASMA,2024-05-19,2025-05-19,AVAILABLE,FAILED,Platelet-Agitator-1,DON_00605
BU-E9606904,BB_A,O_POSITIVE,PLATELETS,2024-12-30,2025-01-04,AVAILABLE,FAILED,Platelet-Agitator-1,DON_00583
BU-87757963,HOSP_A,A_NEGATIVE,WHOLE_BLOOD,2024-12-28,2025-02-01,RESERVED,REVIEW_REQUIRED,Fridge-1,DON_00681
BU-21CE48BB,HOSP_E,O_POSITIVE,WHOLE_BLOOD,2024-11-27,2025-01-01,USED,PASSED,Shelf-B1,DON_00009
BU-FA6D6997,HOSP_C,A_POSITIVE,RBC,2024-12-20,2025-01-31,USED,FAILED,Platelet-Agitator-1,DON_00435
BU-28B92652,HOSP_B,O_POSITIVE,RBC,2024-12-11,2025-01-22,USED,PASSED,Shelf-B1,DON_00232
BU-1DC65F84,HOSP_C,O_POSITIVE,RBC,2024-12-07,2025-01-18,AVAILABLE,PENDING,Platelet-Agitator-1,DON_00460
BU-5CFD8FEC,HOSP_B,B_POSITIVE,PLATELETS,2024-12-27,2025-01-01,AVAILABLE,PASSED,Shelf-C1,DON_00774
BU-0D27EEFE,BB_A,A_POSITIVE,WHOLE_BLOOD,2024-12-12,2025-01-16,USED,PENDING,Shelf-A2,DON_00023
BU-2FC23B51,BB_B,O_POSITIVE,PLATELETS,2024-12-30,2025-01-04,AVAILABLE,PASSED,Shelf-B1,DON_00212
BU-49359D47,HOSP_A,B_POSITIVE,PLASMA,2024-10-20,2025-10-20,EXPIRED,PASSED,Fridge-1,DON_00540
BU-4BA0B4D8,HOSP_C,O_POSITIVE,PLASMA,2024-12-21,2025-12-21,RECEIVED,REVIEW_REQUIRED,Platelet-Agitator-1,DON_00440
BU-6E957E2A,HOSP_B,A_NEGATIVE,PLATELETS,2024-12-30,2025-01-04,AVAILABLE,REVIEW_REQUIRED,Shelf-B1,DON_00022
BU-8FCD33A0,BB_B,O_POSITIVE,PLASMA,2024-10-27,2025-10-27,AVAILABLE,PASSED,Fridge-1,DON_00322
BU-F7575A27,HOSP_C,O_POSITIVE,RBC,2024-12-13,2025-01-24,USED,PASSED,Fridge-3,DON_00068
BU-1D4C3DB2,BB_A,O_POSITIVE,PLATELETS,2024-12-31,2025-01-05,RESERVED,PASSED,Platelet-Agitator-1,DON_00688
BU-B4885225,HOSP_D,O_POSITIVE,PLASMA,2024-06-20,2025-06-20,RECEIVED,FAILED,Fridge-1,DON_00198
BU-CD615B19,HOSP_B,O_POSITIVE,RBC,2024-12-31,2025-02-11,RESERVED,FAILED,Shelf-A2,DON_00443
BU-A655B2B6,HOSP_C,A_POSITIVE,PLASMA,2024-11-12,2025-11-12,AVAILABLE,PASSED,Shelf-A1,DON_00564
BU-56431BE2,HOSP_A,B_POSITIVE,WHOLE_BLOOD,2024-12-20,2025-01-24,AVAILABLE,PENDING,Shelf-A2,DON_00064
BU-E23FDA8F,HOSP_A,O_POSITIVE,RBC,2024-12-31,2025-02-11,AVAILABLE,REVIEW_REQUIRED,Shelf-B2,DON_00550
BU-7F83BC9B,HOSP_E,O_POSITIVE,WHOLE_BLOOD,2024-12-27,2025-01-31,DISPATCHED,PENDING,Shelf-B2,DON_00788
BU-792174DF,BB_B,O_POSITIVE,WHOLE_BLOOD,2024-11-29,2025-01-03,EXPIRED,REVIEW_REQUIRED,Shelf-C1,DON_00661
BU-BE4E8330,BB_A,B_POSITIVE,RBC,2024-11-21,2025-01-02,DISPATCHED,PASSED,Platelet-Agitator-1,DON_00047
BU-D9B011A4,BB_A,A_POSITIVE,RBC,2024-12-20,2025-01-31,AVAILABLE,PASSED,Fridge-2,DON_00376
BU-CB1D4534,HOSP_C,O_POSITIVE,PLASMA,2024-03-27,2025-03-27,RESERVED,PASSED,Fridge-3,DON_00227
BU-9764D9BE,HOSP_A,O_POSITIVE,RBC,2024-12-08,2025-01-19,AVAILABLE,REVIEW_REQUIRED,Fridge-3,DON_00737
BU-128C3D8C,BB_A,A_POSITIVE,PLASMA,2024-05-15,2025-05-15,RESERVED,REVIEW_REQUIRED,Shelf-B1,DON_00649
BU-74F1A8BC,HOSP_E,A_NEGATIVE,WHOLE_BLOOD,2024-12-20,2025-01-24,DISPATCHED,PASSED,Platelet-Agitator-1,DON_00255
BU-D8C533E0,HOSP_D,O_NEGATIVE,RBC,2024-12-08,2025-01-19,QUARANTINED,FAILED,Fridge-1,DON_00540
BU-EC01D0D6,BB_B,B_POSITIVE,RBC,2024-11-22,2025-01-03,AVAILABLE,PASSED,Shelf-A2,DON_00533
BU-B15FD2BC,HOSP_B,B_POSITIVE,PLASMA,2024-06-16,2025-06-16,DISPATCHED,FAILED,Fridge-2,DON_00594
BU-F206811F,HOSP_C,AB_POSITIVE,PLASMA,2024-02-17,2025-02-16,DISPATCHED,PENDING,Fridge-3,DON_00645
BU-D7C64E31,HOSP_C,O_POSITIVE,PLATELETS,2024-12-30,2025-01-04,AVAILABLE,PENDING,Shelf-A1,DON_00475
BU-76A7FC65,HOSP_A,A_POSITIVE,PLASMA,2024-08-23,2025-08-23,RECEIVED,PASSED,Shelf-B2,DON_00763
BU-CF55C7A6,HOSP_E,O_POSITIVE,PLATELETS,2024-12-26,2024-12-31,AVAILABLE,REVIEW_REQUIRED,Fridge-3,DON_00698
BU-DBCB4361,BB_A,O_NEGATIVE,PLATELETS,2024-12-31,2025-01-05,EXPIRED,PASSED,Shelf-A1,DON_00292
BU-A96AF908,HOSP_D,O_POSITIVE,PLASMA,2024-12-18,2025-12-18,AVAILABLE,REVIEW_REQUIRED,Shelf-B1,DON_00773
BU-FC0B6917,HOSP_A,O_POSITIVE,PLATELETS,2024-12-28,2025-01-02,QUARANTINED,FAILED,Shelf-B1,DON_00269
BU-BB8D6ECF,HOSP_D,AB_NEGATIVE,PLASMA,2024-04-05,2025-04-05,AVAILABLE,PASSED,Shelf-B1,DON_00797
BU-8D1D237D,HOSP_C,A_NEGATIVE,PLATELETS,2024-12-28,2025-01-02,EXPIRED,PASSED,Shelf-A1,DON_00166
BU-5469F5C9,HOSP_D,O_POSITIVE,RBC,2024-12-09,2025-01-20,AVAILABLE,PASSED,Fridge-1,DON_00507
BU-2951DDD7,HOSP_B,O_POSITIVE,RBC,2024-11-23,2025-01-04,AVAILABLE,PASSED,Shelf-B1,DON_00660
BU-B9F7A7A6,BB_A,O_POSITIVE,PLASMA,2024-06-09,2025-06-09,AVAILABLE,FAILED,Fridge-3,DON_00247
BU-0EB5EBF9,BB_B,A_NEGATIVE,WHOLE_BLOOD,2024-12-27,2025-01-31,EXPIRED,REVIEW_REQUIRED,Fridge-3,DON_00653
BU-026EC544,BB_B,A_NEGATIVE,PLATELETS,2024-12-30,2025-01-04,EXPIRED,FAILED,Platelet-Agitator-1,DON_00724
BU-589BAE75,BB_B,AB_POSITIVE,RBC,2024-12-13,2025-01-24,AVAILABLE,PASSED,Shelf-B2,DON_00645
BU-ACBA8219,HOSP_B,B_POSITIVE,PLATELETS,2024-12-30,2025-01-04,AVAILABLE,PASSED,Shelf-A1,DON_00143
BU-5B6D25DE,BB_B,O_NEGATIVE,RBC,2024-12-23,2025-02-03,AVAILABLE,PASSED,Shelf-A2,DON_00219
BU-252691C6,HOSP_D,A_NEGATIVE,RBC,2024-12-26,2025-02-06,DISPATCHED,PASSED,Fridge-1,DON_00574
BU-4CAC270B,HOSP_E,A_NEGATIVE,RBC,2024-12-24,2025-02-04,QUARANTINED,REVIEW_REQUIRED,Fridge-1,DON_00544
BU-C41C3E1E,HOSP_A,A_POSITIVE,WHOLE_BLOOD,2024-12-20,2025-01-24,RESERVED,REVIEW_REQUIRED,Shelf-B1,DON_00745
BU-AAC4DE5B,BB_A,O_POSITIVE,RBC,2024-12-04,2025-01-15,AVAILABLE,PASSED,Fridge-1,DON_00384
BU-4A3DC2E6,BB_A,O_NEGATIVE,PLATELETS,2024-12-27,2025-01-01,AVAILABLE,FAILED,Shelf-A1,DON_00150
BU-A39BCBDA,BB_B,A_POSITIVE,PLASMA,2024-12-23,2025-12-23,DISPATCHED,PENDING,Shelf-B2,DON_00223
BU-F5342CE8,HOSP_C,A_NEGATIVE,PLASMA,2024-05-05,2025-05-05,RESERVED,PASSED,Fridge-2,DON_00425
BU-FFA46443,HOSP_E,A_POSITIVE,RBC,2024-11-20,2025-01-01,USED,REVIEW_REQUIRED,Shelf-A1,DON_00461
BU-15C01785,BB_A,O_NEGATIVE,RBC,2024-12-26,2025-02-06,AVAILABLE,FAILED,Shelf-A1,DON_00049
BU-42250B71,HOSP_E,O_POSITIVE,PLATELETS,2024-12-26,2024-12-31,QUARANTINED,REVIEW_REQUIRED,Fridge-2,DON_00119
BU-584AA4EB,HOSP_C,AB_POSITIVE,RBC,2024-12-31,2025-02-11,RESERVED,PENDING,Fridge-2,DON_00776
BU-F297C6C5,BB_B,O_POSITIVE,PLATELETS,2024-12-27,2025-01-01,QUARANTINED,REVIEW_REQUIRED,Shelf-B2,DON_00609
BU-4B6BA6F3,HOSP_A,O_POSITIVE,PLATELETS,2024-12-29,2025-01-03,AVAILABLE,PENDING,Shelf-A2,DON_00279
BU-823A27CC,HOSP_B,O_POSITIVE,PLATELETS,2024-12-31,2025-01-05,QUARANTINED,REVIEW_REQUIRED,Shelf-A2,DON_00600
BU-FA82FBD2,HOSP_B,A_POSITIVE,WHOLE_BLOOD,2024-12-31,2025-02-04,AVAILABLE,REVIEW_REQUIRED,Shelf-B1,DON_00356
BU-EE6513C6,HOSP_D,A_POSITIVE,PLASMA,2024-01-16,2025-01-15,AVAILABLE,PASSED,Shelf-B1,DON_00339
BU-3DA923C1,BB_A,O_POSITIVE,WHOLE_BLOOD,2024-11-28,2025-01-02,RECEIVED,PASSED,Shelf-B1,DON_00285
BU-25922754,HOSP_D,O_POSITIVE,RBC,2024-11-19,2024-12-31,RESERVED,PENDING,Shelf-B1,DON_00762
BU-F5DD92A6,HOSP_E,O_POSITIVE,RBC,2024-12-11,2025-01-22,RECEIVED,PASSED,Shelf-B1,DON_00007
BU-7D8C5802,HOSP_E,O_NEGATIVE,PLATELETS,2024-12-31,2025-01-05,DISPATCHED,FAILED,Shelf-B2,DON_00218
BU-5098C8B3,HOSP_A,O_POSITIVE,RBC,2024-12-07,2025-01-18,AVAILABLE,REVIEW_REQUIRED,Fridge-1,DON_00584
BU-301E6D25,HOSP_B,AB_POSITIVE,WHOLE_BLOOD,2024-12-09,2025-01-13,EXPIRED,PASSED,Fridge-3,DON_00318
BU-BB045865,BB_B,O_POSITIVE,PLATELETS,2024-12-26,2024-12-31,DISPATCHED,PASSED,Fridge-2,DON_00121
BU-918E0789,HOSP_A,O_POSITIVE,RBC,2024-12-24,2025-02-04,AVAILABLE,PASSED,Fridge-1,DON_00795
BU-DFFC2D62,BB_A,A_POSITIVE,WHOLE_BLOOD,2024-12-19,2025-01-23,RESERVED,PASSED,Shelf-C1,DON_00672
BU-14168679,HOSP_B,O_POSITIVE,WHOLE_BLOOD,2024-12-12,2025-01-16,AVAILABLE,PASSED,Platelet-Agitator-1,DON_00706
BU-D3A4EF35,HOSP_B,O_POSITIVE,RBC,2024-12-11,2025-01-22,AVAILABLE,PASSED,Shelf-B1,DON_00109
BU-580B40D5,HOSP_D,A_POSITIVE,WHOLE_BLOOD,2024-12-30,2025-02-03,RECEIVED,PASSED,Platelet-Agitator-1,DON_00588
BU-A766F7AB,BB_A,O_POSITIVE,RBC,2024-12-18,2025-01-29,USED,PASSED,Shelf-A2,DON_00286
BU-89230507,HOSP_D,AB_POSITIVE,WHOLE_BLOOD,2024-12-10,2025-01-14,AVAILABLE,PASSED,Platelet-Agitator-1,DON_00462
BU-28BC89E0,HOSP_E,O_POSITIVE,PLATELETS,2024-12-30,2025-01-04,AVAILABLE,PASSED,Shelf-A2,DON_00424
BU-D741DF17,HOSP_E,O_POSITIVE,RBC,2024-12-30,2025-02-10,AVAILABLE,REVIEW_REQUIRED,Shelf-A1,DON_00268
BU-D151396B,HOSP_A,A_NEGATIVE,RBC,2024-12-02,2025-01-13,AVAILABLE,PASSED,Shelf-C1,DON_00245
BU-9F27F65F,BB_A,B_NEGATIVE,RBC,2024-12-07,2025-01-18,AVAILABLE,PASSED,Shelf-A2,DON_00101
BU-99D88E8B,HOSP_A,O_POSITIVE,PLASMA,2024-03-29,2025-03-29,RECEIVED,REVIEW_REQUIRED,Fridge-2,DON_00434
BU-0492E00D,HOSP_B,O_POSITIVE,RBC,2024-12-10,2025-01-21,AVAILABLE,FAILED,Shelf-B1,DON_00567
BU-0D96FEC4,HOSP_A,A_POSITIVE,PLATELETS,2024-12-30,2025-01-04,RECEIVED,PASSED,Shelf-A2,DON_00233
BU-8DABFA19,HOSP_E,A_POSITIVE,RBC,2024-12-07,2025-01-18,DISPATCHED,PASSED,Shelf-B1,DON_00544
BU-8AD5929D,HOSP_C,A_POSITIVE,PLATELETS,2024-12-28,2025-01-02,RESERVED,PASSED,Platelet-Agitator-1,DON_00786
BU-215478BC,HOSP_B,O_POSITIVE,PLASMA,2024-04-22,2025-04-22,EXPIRED,FAILED,Fridge-1,DON_00741
BU-2248F2BF,BB_A,O_POSITIVE,PLATELETS,2024-12-30,2025-01-04,QUARANTINED,FAILED,Shelf-C1,DON_00466
BU-0BEBAF4D,HOSP_A,B_POSITIVE,PLASMA,2024-03-30,2025-03-30,DISPATCHED,PASSED,Shelf-B2,DON_00460
BU-12BDA40A,HOSP_E,B_POSITIVE,WHOLE_BLOOD,2024-12-31,2025-02-04,RESERVED,PASSED,Shelf-C1,DON_00520
BU-940B3620,BB_A,O_POSITIVE,PLASMA,2024-05-29,2025-05-29,AVAILABLE,PASSED,Fridge-3,DON_00684
BU-792BA29F,BB_B,B_POSITIVE,PLASMA,2024-09-05,2025-09-05,EXPIRED,REVIEW_REQUIRED,Fridge-3,DON_00213
BU-BF5F517B,BB_B,A_POSITIVE,PLASMA,2024-06-15,2025-06-15,USED,PASSED,Shelf-A1,DON_00356
BU-0F73C4AE,HOSP_B,A_POSITIVE,WHOLE_BLOOD,2024-11-30,2025-01-04,EXPIRED,PASSED,Shelf-B1,DON_00029
BU-712E4053,HOSP_B,O_POSITIVE,PLASMA,2024-01-28,2025-01-27,AVAILABLE,PASSED,Shelf-B1,DON_00419
BU-6E331A79,HOSP_E,A_POSITIVE,PLATELETS,2024-12-28,2025-01-02,USED,PASSED,Fridge-3,DON_00256
BU-CFA3A0AF,HOSP_D,A_POSITIVE,RBC,2024-11-25,2025-01-06,DISPATCHED,FAILED,Fridge-3,DON_00382
BU-CF5B884C,HOSP_A,O_POSITIVE,PLASMA,2024-09-04,2025-09-04,RESERVED,PENDING,Shelf-C1,DON_00493
BU-3FF40550,HOSP_E,O_POSITIVE,PLATELETS,2024-12-29,2025-01-03,AVAILABLE,PENDING,Fridge-1,DON_00237
BU-5FEA65A7,HOSP_C,AB_NEGATIVE,RBC,2024-12-19,2025-01-30,EXPIRED,REVIEW_REQUIRED,Platelet-Agitator-1,DON_00262
BU-2DE2CF08,HOSP_E,A_POSITIVE,PLATELETS,2024-12-30,2025-01-04,AVAILABLE,PASSED,Fridge-3,DON_00710
BU-9766B4B6,HOSP_A,O_POSITIVE,RBC,2024-12-26,2025-02-06,EXPIRED,PASSED,Shelf-C1,DON_00125
BU-4AE0D010,BB_B,O_POSITIVE,PLASMA,2024-04-06,2025-04-06,RESERVED,PENDING,Shelf-A1,DON_00757
BU-CDD77116,HOSP_A,O_NEGATIVE,PLATELETS,2024-12-28,2025-01-02,DISPATCHED,PASSED,Shelf-A2,DON_00015
BU-88442B9E,BB_B,O_POSITIVE,PLATELETS,2024-12-28,2025-01-02,AVAILABLE,PASSED,Shelf-B2,DON_00174
BU-8EA224E5,HOSP_E,O_POSITIVE,WHOLE_BLOOD,2024-12-23,2025-01-27,RESERVED,PASSED,Fridge-3,DON_00492
BU-FCF40EDA,HOSP_E,O_POSITIVE,WHOLE_BLOOD,2024-12-12,2025-01-16,EXPIRED,PASSED,Fridge-1,DON_00222
BU-56ADCE8F,HOSP_D,O_POSITIVE,PLASMA,2024-02-13,2025-02-12,AVAILABLE,PASSED,Fridge-3,DON_00155
BU-F1FA58B4,BB_A,O_NEGATIVE,WHOLE_BLOOD,2024-12-31,2025-02-04,AVAILABLE,PASSED,Shelf-C1,DON_00107
BU-EC5EB01F,HOSP_C,A_NEGATIVE,PLATELETS,2024-12-27,2025-01-01,AVAILABLE,PASSED,Platelet-Agitator-1,DON_00623
BU-268FD2EC,HOSP_A,A_POSITIVE,PLASMA,2024-05-22,2025-05-22,QUARANTINED,REVIEW_REQUIRED,Shelf-C1,DON_00684
BU-F0B81961,BB_B,O_POSITIVE,RBC,2024-12-05,2025-01-16,USED,REVIEW_REQUIRED,Fridge-3,DON_00270
BU-A15FF543,HOSP_A,O_POSITIVE,WHOLE_BLOOD,2024-12-26,2025-01-30,USED,PASSED,Shelf-C1,DON_00218
BU-2CEDD572,HOSP_A,O_POSITIVE,PLASMA,2024-12-06,2025-12-06,QUARANTINED,FAILED,Fridge-2,DON_00707
BU-76E6A808,HOSP_D,O_POSITIVE,PLASMA,2024-08-02,2025-08-02,RECEIVED,FAILED,Fridge-1,DON_00726
BU-2CA593FE,HOSP_B,B_POSITIVE,PLASMA,2024-02-24,2025-02-23,AVAILABLE,PASSED,Shelf-A2,DON_00070
BU-359E3F81,HOSP_E,O_POSITIVE,PLATELETS,2024-12-26,2024-12-31,RECEIVED,PASSED,Shelf-A1,DON_00632
BU-226662F0,HOSP_D,A_POSITIVE,PLASMA,2024-07-09,2025-07-09,EXPIRED,PENDING,Shelf-A2,DON_00018
BU-1DEB9E19,HOSP_A,O_POSITIVE,WHOLE_BLOOD,2024-12-27,2025-01-31,RECEIVED,REVIEW_REQUIRED,Fridge-1,DON_00539
BU-8846CA9E,HOSP_C,O_NEGATIVE,WHOLE_BLOOD,2024-12-20,2025-01-24,AVAILABLE,PENDING,Shelf-A1,DON_00221
BU-506443C2,HOSP_A,B_POSITIVE,RBC,2024-12-31,2025-02-11,RESERVED,PASSED,Shelf-B2,DON_00125
BU-8D55DE95,HOSP_A,O_POSITIVE,WHOLE_BLOOD,2024-11-30,2025-01-04,RECEIVED,FAILED,Shelf-C1,DON_00523
BU-EDFD6EF7,BB_A,AB_POSITIVE,PLASMA,2024-02-28,2025-02-27,DISPATCHED,PASSED,Shelf-B1,DON_00355
BU-3CB0BBCC,BB_A,O_POSITIVE,WHOLE_BLOOD,2024-11-29,2025-01-03,RECEIVED,PASSED,Shelf-A2,DON_00768
BU-763A591B,HOSP_B,A_NEGATIVE,WHOLE_BLOOD,2024-12-30,2025-02-03,DISPATCHED,REVIEW_REQUIRED,Shelf-A1,DON_00377
BU-F3142823,HOSP_D,O_POSITIVE,PLATELETS,2024-12-27,2025-01-01,USED,PASSED,Shelf-B2,DON_00643
BU-93E45354,HOSP_D,O_POSITIVE,WHOLE_BLOOD,2024-11-27,2025-01-01,EXPIRED,FAILED,Fridge-3,DON_00102
BU-5B7C387E,BB_B,O_POSITIVE,WHOLE_BLOOD,2024-12-01,2025-01-05,QUARANTINED,REVIEW_REQUIRED,Shelf-A1,DON_00463
BU-F26913A1,BB_B,O_POSITIVE,RBC,2024-12-23,2025-02-03,EXPIRED,PASSED,Shelf-A2,DON_00492
BU-9DB31F6B,HOSP_A,A_POSITIVE,PLASMA,2024-09-06,2025-09-06,AVAILABLE,PENDING,Shelf-A2,DON_00392
BU-3858E9A5,HOSP_D,O_POSITIVE,WHOLE_BLOOD,2024-12-16,2025-01-20,RECEIVED,FAILED,Shelf-A2,DON_00026
BU-D9219FA0,HOSP_B,O_NEGATIVE,RBC,2024-11-29,2025-01-10,RESERVED,PASSED,Fridge-3,DON_00164
BU-B571ACEC,BB_A,B_POSITIVE,RBC,2024-11-24,2025-01-05,RECEIVED,PENDING,Shelf-A2,DON_00037
BU-2F0DE14E,HOSP_A,O_POSITIVE,PLASMA,2024-04-24,2025-04-24,AVAILABLE,PASSED,Fridge-1,DON_00550
BU-D5912881,HOSP_E,AB_POSITIVE,WHOLE_BLOOD,2024-12-27,2025-01-31,QUARANTINED,REVIEW_REQUIRED,Shelf-B2,DON_00659
BU-229F6350,BB_A,B_NEGATIVE,WHOLE_BLOOD,2024-12-11,2025-01-15,AVAILABLE,REVIEW_REQUIRED,Shelf-C1,DON_00675
BU-590FCDBA,HOSP_D,A_POSITIVE,PLASMA,2024-10-12,2025-10-12,DISPATCHED,PENDING,Fridge-2,DON_00333
BU-A3CD32AC,BB_A,B_POSITIVE,WHOLE_BLOOD,2024-12-03,2025-01-07,DISPATCHED,PASSED,Shelf-A2,DON_00689
BU-8124914F,HOSP_B,O_NEGATIVE,PLATELETS,2024-12-30,2025-01-04,USED,PASSED,Shelf-C1,DON_00658
BU-15DDCD1C,HOSP_B,A_NEGATIVE,PLATELETS,2024-12-27,2025-01-01,DISPATCHED,PENDING,Shelf-B2,DON_00641
BU-2F7482AE,BB_B,O_NEGATIVE,PLATELETS,2024-12-30,2025-01-04,AVAILABLE,PASSED,Shelf-C1,DON_00380
BU-449B1387,HOSP_B,A_POSITIVE,PLASMA,2024-09-26,2025-09-26,QUARANTINED,FAILED,Shelf-C1,DON_00559
BU-381ED246,HOSP_D,A_POSITIVE,RBC,2024-12-25,2025-02-05,RECEIVED,FAILED,Shelf-A2,DON_00212
BU-BC82CD97,HOSP_A,A_POSITIVE,RBC,2024-12-06,2025-01-17,RESERVED,PASSED,Fridge-2,DON_00694
BU-A5EBA0CC,HOSP_A,O_POSITIVE,PLATELETS,2024-12-27,2025-01-01,AVAILABLE,PASSED,Fridge-3,DON_00734
BU-42F4610C,HOSP_E,O_POSITIVE,PLASMA,2024-11-03,2025-11-03,AVAILABLE,PASSED,Fridge-2,DON_00154
BU-D0EF1863,BB_A,O_POSITIVE,PLASMA,2024-08-31,2025-08-31,QUARANTINED,REVIEW_REQUIRED,Shelf-A1,DON_00443
BU-E3DB4BF5,BB_A,A_POSITIVE,WHOLE_BLOOD,2024-12-09,2025-01-13,AVAILABLE,PASSED,Fridge-2,DON_00008
BU-56EA648E,BB_B,A_POSITIVE,WHOLE_BLOOD,2024-12-22,2025-01-26,EXPIRED,PASSED,Fridge-3,DON_00731
BU-F34683EC,HOSP_B,O_POSITIVE,WHOLE_BLOOD,2024-12-29,2025-02-02,AVAILABLE,PASSED,Fridge-2,DON_00061
BU-81FDC1DB,HOSP_A,A_POSITIVE,WHOLE_BLOOD,2024-11-29,2025-01-03,AVAILABLE,REVIEW_REQUIRED,Shelf-B1,DON_00776
BU-F27B5A9C,HOSP_D,O_NEGATIVE,PLASMA,2024-03-10,2025-03-10,AVAILABLE,PASSED,Fridge-1,DON_00322
BU-35BFF627,BB_A,A_POSITIVE,PLASMA,2024-12-24,2025-12-24,AVAILABLE,PASSED,Shelf-B1,DON_00429
BU-ABE8D2B0,HOSP_E,A_POSITIVE,RBC,2024-12-30,2025-02-10,USED,PASSED,Shelf-A1,DON_00496
BU-3D820DCD,HOSP_B,B_POSITIVE,RBC,2024-12-04,2025-01-15,AVAILABLE,PASSED,Fridge-3,DON_00463
BU-C231BED8,HOSP_D,A_POSITIVE,WHOLE_BLOOD,2024-12-19,2025-01-23,AVAILABLE,FAILED,Shelf-B1,DON_00122
BU-4E3F4F0D,HOSP_C,B_POSITIVE,WHOLE_BLOOD,2024-12-13,2025-01-17,QUARANTINED,FAILED,Shelf-C1,DON_00132
BU-5BE640A1,HOSP_E,B_POSITIVE,PLATELETS,2024-12-27,2025-01-01,QUARANTINED,FAILED,Shelf-C1,DON_00297
BU-90B4D057,BB_B,O_POSITIVE,WHOLE_BLOOD,2024-12-21,2025-01-25,QUARANTINED,REVIEW_REQUIRED,Fridge-1,DON_00019
BU-9CF86860,BB_A,O_POSITIVE,WHOLE_BLOOD,2024-12-20,2025-01-24,DISPATCHED,PASSED,Fridge-1,DON_00622
BU-21A5125F,HOSP_B,A_POSITIVE,WHOLE_BLOOD,2024-12-15,2025-01-19,AVAILABLE,PASSED,Fridge-1,DON_00713
BU-3782075C,HOSP_C,O_POSITIVE,PLATELETS,2024-12-26,2024-12-31,AVAILABLE,FAILED,Shelf-A1,DON_00707
BU-6F9D3E6B,HOSP_B,O_NEGATIVE,WHOLE_BLOOD,2024-12-10,2025-01-14,QUARANTINED,FAILED,Fridge-2,DON_00677
BU-485AA5BB,HOSP_B,O_NEGATIVE,WHOLE_BLOOD,2024-12-15,2025-01-19,RESERVED,PASSED,Fridge-1,DON_00075
BU-DD729171,BB_A,A_POSITIVE,PLASMA,2024-08-02,2025-08-02,EXPIRED,REVIEW_REQUIRED,Shelf-A1,DON_00676
BU-5EE9F0BC,HOSP_D,O_POSITIVE,WHOLE_BLOOD,2024-12-11,2025-01-15,EXPIRED,PASSED,Platelet-Agitator-1,DON_00679
BU-1D331B2E,HOSP_D,B_POSITIVE,WHOLE_BLOOD,2024-12-28,2025-02-01,AVAILABLE,REVIEW_REQUIRED,Fridge-2,DON_00437
BU-D34FE3D5,HOSP_A,O_NEGATIVE,WHOLE_BLOOD,2024-12-16,2025-01-20,QUARANTINED,REVIEW_REQUIRED,Shelf-B2,DON_00129
BU-82F37DB4,HOSP_E,O_NEGATIVE,PLATELETS,2024-12-30,2025-01-04,DISPATCHED,PASSED,Fridge-1,DON_00459
BU-A5E4E828,BB_A,A_POSITIVE,WHOLE_BLOOD,2024-12-11,2025-01-15,RECEIVED,PASSED,Shelf-B1,DON_00762
BU-48CEDDF6,HOSP_A,B_POSITIVE,PLASMA,2024-06-11,2025-06-11,USED,PASSED,Shelf-B2,DON_00009
BU-2F373AD9,HOSP_D,AB_POSITIVE,WHOLE_BLOOD,2024-12-13,2025-01-17,EXPIRED,PASSED,Shelf-C1,DON_00567
BU-FB0E508B,BB_B,O_POSITIVE,PLATELETS,2024-12-27,2025-01-01,USED,PASSED,Fridge-3,DON_00116
BU-D8D59575,BB_A,B_POSITIVE,WHOLE_BLOOD,2024-12-07,2025-01-11,QUARANTINED,REVIEW_REQUIRED,Platelet-Agitator-1,DON_00446
BU-16F4D049,HOSP_D,A_POSITIVE,PLASMA,2024-04-14,2025-04-14,AVAILABLE,REVIEW_REQUIRED,Shelf-B2,DON_00685
BU-828A765B,BB_A,O_POSITIVE,PLATELETS,2024-12-30,2025-01-04,EXPIRED,PASSED,Fridge-3,DON_00411
BU-F75C5EB5,HOSP_D,A_POSITIVE,PLASMA,2024-02-11,2025-02-10,EXPIRED,PASSED,Fridge-2,DON_00399
BU-3E25641E,BB_B,O_NEGATIVE,PLASMA,2024-10-06,2025-10-06,AVAILABLE,PASSED,Shelf-B2,DON_00096
BU-F061B7E9,HOSP_D,O_POSITIVE,WHOLE_BLOOD,2024-11-27,2025-01-01,RESERVED,PASSED,Fridge-1,DON_00781
BU-9119EF11,BB_A,O_POSITIVE,RBC,2024-12-23,2025-02-03,QUARANTINED,REVIEW_REQUIRED,Platelet-Agitator-1,DON_00535
BU-38970024,HOSP_B,AB_NEGATIVE,RBC,2024-11-19,2024-12-31,RECEIVED,PENDING,Shelf-B1,DON_00395
BU-9F267FC0,BB_A,A_POSITIVE,PLASMA,2024-04-26,2025-04-26,EXPIRED,REVIEW_REQUIRED,Shelf-B1,DON_00063
BU-142A138A,BB_B,A_POSITIVE,RBC,2024-12-26,2025-02-06,EXPIRED,PASSED,Shelf-B2,DON_00336
BU-DD0A596F,HOSP_B,O_POSITIVE,PLASMA,2024-07-30,2025-07-30,EXPIRED,PASSED,Fridge-2,DON_00506
BU-41CDD592,HOSP_A,O_NEGATIVE,PLATELETS,2024-12-31,2025-01-05,DISPATCHED,PASSED,Shelf-A2,DON_00015
BU-74AD98AF,BB_A,B_POSITIVE,PLATELETS,2024-12-31,2025-01-05,AVAILABLE,PASSED,Shelf-A2,DON_00445
BU-53C5ED75,BB_B,A_POSITIVE,RBC,2024-11-24,2025-01-05,AVAILABLE,FAILED,Shelf-A1,DON_00273
BU-654202EC,HOSP_B,O_NEGATIVE,PLATELETS,2024-12-27,2025-01-01,AVAILABLE,PASSED,Shelf-C1,DON_00353
BU-52DF09EB,BB_B,A_POSITIVE,PLASMA,2024-09-13,2025-09-13,AVAILABLE,PASSED,Fridge-3,DON_00183
BU-FF647715,HOSP_C,O_POSITIVE,PLATELETS,2024-12-29,2025-01-03,EXPIRED,PASSED,Shelf-B1,DON_00783
BU-33FFD21E,HOSP_A,A_POSITIVE,RBC,2024-12-09,2025-01-20,QUARANTINED,FAILED,Shelf-B1,DON_00021
BU-3241C8B0,BB_B,O_NEGATIVE,WHOLE_BLOOD,2024-12-28,2025-02-01,AVAILABLE,FAILED,Shelf-A1,DON_00550
BU-973AD83B,HOSP_D,A_POSITIVE,RBC,2024-12-05,2025-01-16,RECEIVED,PASSED,Platelet-Agitator-1,DON_00710
BU-36C3A028,BB_B,O_POSITIVE,RBC,2024-11-22,2025-01-03,AVAILABLE,FAILED,Fridge-3,DON_00530
BU-75CD3821,HOSP_E,A_POSITIVE,PLATELETS,2024-12-29,2025-01-03,AVAILABLE,PASSED,Shelf-C1,DON_00216
BU-30491C87,HOSP_A,B_POSITIVE,PLASMA,2024-05-02,2025-05-02,DISPATCHED,PENDING,Shelf-B2,DON_00479
BU-F0B756F4,HOSP_C,AB_NEGATIVE,RBC,2024-12-04,2025-01-15,QUARANTINED,FAILED,Fridge-2,DON_00240
BU-22FF0E51,BB_B,O_POSITIVE,WHOLE_BLOOD,2024-12-10,2025-01-14,AVAILABLE,FAILED,Shelf-A1,DON_00511
BU-0F830A4F,BB_B,O_NEGATIVE,PLASMA,2024-11-20,2025-11-20,USED,PASSED,Shelf-A2,DON_00307
BU-AF613543,HOSP_A,O_NEGATIVE,RBC,2024-11-22,2025-01-03,AVAILABLE,PASSED,Shelf-C1,DON_00230
BU-0FDCF468,HOSP_E,O_POSITIVE,PLATELETS,2024-12-29,2025-01-03,DISPATCHED,PENDING,Shelf-A1,DON_00665
BU-AC9F2B6D,HOSP_B,B_POSITIVE,WHOLE_BLOOD,2024-12-01,2025-01-05,RESERVED,PASSED,Platelet-Agitator-1,DON_00365
BU-63BAFAC3,BB_B,O_POSITIVE,PLATELETS,2024-12-30,2025-01-04,USED,PASSED,Shelf-A2,DON_00516
BU-074F83EE,BB_B,A_POSITIVE,PLATELETS,2024-12-27,2025-01-01,AVAILABLE,PASSED,Fridge-3,DON_00446
BU-68362935,HOSP_D,O_POSITIVE,PLATELETS,2024-12-26,2024-12-31,RECEIVED,PASSED,Shelf-A2,DON_00327
BU-A182B846,HOSP_D,A_POSITIVE,PLASMA,2024-04-06,2025-04-06,EXPIRED,REVIEW_REQUIRED,Fridge-3,DON_00123
BU-7363F522,HOSP_A,A_POSITIVE,WHOLE_BLOOD,2024-11-29,2025-01-03,AVAILABLE,PASSED,Shelf-C1,DON_00665
BU-47D912B5,HOSP_E,O_POSITIVE,RBC,2024-12-16,2025-01-27,RECEIVED,REVIEW_REQUIRED,Shelf-C1,DON_00596
BU-7E775B8A,HOSP_D,A_POSITIVE,PLATELETS,2024-12-31,2025-01-05,AVAILABLE,PENDING,Fridge-3,DON_00488
BU-BA4E81C5,BB_B,O_POSITIVE,PLASMA,2024-01-05,2025-01-04,USED,PASSED,Shelf-B1,DON_00378
BU-F6D5ACA1,BB_A,O_POSITIVE,WHOLE_BLOOD,2024-12-26,2025-01-30,QUARANTINED,REVIEW_REQUIRED,Shelf-A1,DON_00605
BU-3DEE2219,HOSP_D,O_POSITIVE,RBC,2024-12-30,2025-02-10,RECEIVED,PASSED,Fridge-3,DON_00569
BU-961E69BE,HOSP_C,O_POSITIVE,WHOLE_BLOOD,2024-12-24,2025-01-28,USED,REVIEW_REQUIRED,Shelf-B2,DON_00629
BU-AEFA3646,BB_B,A_POSITIVE,PLATELETS,2024-12-27,2025-01-01,AVAILABLE,PASSED,Shelf-A2,DON_00402
BU-CC90D666,BB_B,A_NEGATIVE,RBC,2024-12-24,2025-02-04,QUARANTINED,REVIEW_REQUIRED,Shelf-B2,DON_00615
BU-08169CFD,BB_B,B_NEGATIVE,RBC,2024-12-17,2025-01-28,AVAILABLE,PENDING,Fridge-3,DON_00510
BU-D4D114FC,HOSP_C,B_POSITIVE,PLASMA,2024-11-22,2025-11-22,AVAILABLE,PASSED,Shelf-A1,DON_00389
BU-CA20D585,HOSP_A,A_POSITIVE,RBC,2024-12-29,2025-02-09,DISPATCHED,PASSED,Shelf-B2,DON_00541
BU-51574C39,HOSP_D,A_POSITIVE,PLATELETS,2024-12-27,2025-01-01,DISPATCHED,PASSED,Shelf-B1,DON_00040
BU-058E169E,HOSP_B,B_NEGATIVE,PLATELETS,2024-12-26,2024-12-31,AVAILABLE,PASSED,Shelf-B2,DON_00340
BU-2AC2CE3E,HOSP_D,A_POSITIVE,PLASMA,2024-11-15,2025-11-15,DISPATCHED,PENDING,Shelf-B1,DON_00238
BU-63530707,HOSP_A,A_POSITIVE,RBC,2024-11-20,2025-01-01,RECEIVED,FAILED,Fridge-1,DON_00356
BU-5111FA76,HOSP_A,O_POSITIVE,PLASMA,2024-03-19,2025-03-19,DISPATCHED,PASSED,Platelet-Agitator-1,DON_00246
BU-2129DA88,BB_B,O_POSITIVE,PLATELETS,2024-12-26,2024-12-31,AVAILABLE,PASSED,Fridge-1,DON_00068
BU-B5A26F27,BB_A,A_POSITIVE,PLATELETS,2024-12-28,2025-01-02,EXPIRED,PENDING,Shelf-B1,DON_00596
BU-36BD14DC,BB_B,A_POSITIVE,WHOLE_BLOOD,2024-12-10,2025-01-14,QUARANTINED,REVIEW_REQUIRED,Shelf-B2,DON_00198
BU-953A4AD3,HOSP_D,AB_POSITIVE,RBC,2024-12-19,2025-01-30,AVAILABLE,PENDING,Shelf-A1,DON_00770
BU-289C37F5,BB_A,B_POSITIVE,WHOLE_BLOOD,2024-12-20,2025-01-24,DISPATCHED,PASSED,Shelf-A1,DON_00134
BU-6F77860B,BB_A,A_NEGATIVE,WHOLE_BLOOD,2024-12-07,2025-01-11,QUARANTINED,FAILED,Shelf-A1,DON_00068
BU-B19B6C90,BB_B,A_NEGATIVE,PLASMA,2024-04-21,2025-04-21,AVAILABLE,PASSED,Fridge-2,DON_00041
BU-591ADD84,HOSP_D,AB_POSITIVE,PLATELETS,2024-12-27,2025-01-01,AVAILABLE,PASSED,Platelet-Agitator-1,DON_00042
BU-13608BCB,HOSP_C,B_POSITIVE,PLATELETS,2024-12-27,2025-01-01,AVAILABLE,PENDING,Shelf-A1,DON_00750
BU-DF0254BB,HOSP_A,O_POSITIVE,RBC,2024-12-11,2025-01-22,AVAILABLE,PASSED,Shelf-B2,DON_00269
BU-3FB0102C,HOSP_D,O_POSITIVE,RBC,2024-11-19,2024-12-31,RESERVED,PASSED,Fridge-1,DON_00727
BU-8BDF19E7,BB_B,O_POSITIVE,PLATELETS,2024-12-30,2025-01-04,QUARANTINED,REVIEW_REQUIRED,Fridge-2,DON_00105
BU-C2414397,HOSP_A,O_POSITIVE,RBC,2024-11-23,2025-01-04,RECEIVED,PASSED,Platelet-Agitator-1,DON_00495
BU-CC3F6901,HOSP_E,A_POSITIVE,PLASMA,2024-01-19,2025-01-18,EXPIRED,REVIEW_REQUIRED,Fridge-2,DON_00538
BU-6937826C,HOSP_C,O_POSITIVE,PLASMA,2024-06-07,2025-06-07,AVAILABLE,REVIEW_REQUIRED,Fridge-2,DON_00108
BU-62C83055,HOSP_A,B_POSITIVE,RBC,2024-12-03,2025-01-14,USED,PENDING,Shelf-B1,DON_00625
BU-7E614720,HOSP_C,O_POSITIVE,WHOLE_BLOOD,2024-11-28,2025-01-02,AVAILABLE,PASSED,Shelf-B2,DON_00415
BU-A09386B8,HOSP_E,O_NEGATIVE,WHOLE_BLOOD,2024-12-12,2025-01-16,RESERVED,PASSED,Shelf-B1,DON_00061
BU-9E28A1FB,BB_A,B_NEGATIVE,WHOLE_BLOOD,2024-11-30,2025-01-04,AVAILABLE,REVIEW_REQUIRED,Fridge-1,DON_00716
BU-0B28B858,HOSP_C,B_POSITIVE,RBC,2024-12-17,2025-01-28,EXPIRED,PASSED,Shelf-A2,DON_00375
BU-2A1781D2,HOSP_E,O_POSITIVE,RBC,2024-12-28,2025-02-08,EXPIRED,PASSED,Shelf-A2,DON_00538
BU-68FF16CB,HOSP_C,A_POSITIVE,RBC,2024-12-12,2025-01-23,RECEIVED,PASSED,Shelf-A1,DON_00120
BU-BC38D8DD,BB_A,O_POSITIVE,RBC,2024-12-31,2025-02-11,AVAILABLE,PASSED,Fridge-1,DON_00007
BU-7130DB44,HOSP_D,O_POSITIVE,WHOLE_BLOOD,2024-11-30,2025-01-04,RESERVED,REVIEW_REQUIRED,Fridge-1,DON_00174
BU-0BE345A3,HOSP_E,O_NEGATIVE,RBC,2024-11-25,2025-01-06,RECEIVED,REVIEW_REQUIRED,Shelf-C1,DON_00517
BU-2A5025B5,HOSP_C,O_POSITIVE,PLASMA,2024-04-24,2025-04-24,RESERVED,REVIEW_REQUIRED,Shelf-B2,DON_00189
BU-0C7BCDBA,BB_B,A_POSITIVE,WHOLE_BLOOD,2024-12-14,2025-01-18,QUARANTINED,REVIEW_REQUIRED,Fridge-1,DON_00067
BU-5FFE309D,HOSP_C,O_POSITIVE,WHOLE_BLOOD,2024-12-20,2025-01-24,QUARANTINED,FAILED,Shelf-B2,DON_00765
BU-B45DB996,BB_B,O_POSITIVE,RBC,2024-12-18,2025-01-29,EXPIRED,REVIEW_REQUIRED,Shelf-A1,DON_00020
BU-D4883811,BB_B,O_POSITIVE,WHOLE_BLOOD,2024-12-23,2025-01-27,RECEIVED,PASSED,Platelet-Agitator-1,DON_00652
BU-1EDA71C1,HOSP_A,A_POSITIVE,PLATELETS,2024-12-29,2025-01-03,AVAILABLE,FAILED,Fridge-3,DON_00256
BU-162F7D72,HOSP_C,B_POSITIVE,PLATELETS,2024-12-26,2024-12-31,QUARANTINED,FAILED,Shelf-C1,DON_00690
BU-05F9AD7F,BB_A,A_POSITIVE,PLATELETS,2024-12-28,2025-01-02,AVAILABLE,PASSED,Shelf-A2,DON_00472
BU-EFBA8330,HOSP_D,A_POSITIVE,PLATELETS,2024-12-28,2025-01-02,USED,PASSED,Fridge-2,DON_00743
BU-D9E43296,BB_A,B_POSITIVE,PLASMA,2024-06-27,2025-06-27,DISPATCHED,PASSED,Fridge-2,DON_00726
BU-15F444E0,BB_A,O_POSITIVE,WHOLE_BLOOD,2024-12-28,2025-02-01,DISPATCHED,FAILED,Shelf-A2,DON_00272
BU-75AA5205,HOSP_E,A_POSITIVE,PLASMA,2024-03-04,2025-03-04,USED,FAILED,Shelf-A1,DON_00523
BU-8CDC62E2,HOSP_C,O_POSITIVE,PLATELETS,2024-12-27,2025-01-01,AVAILABLE,PASSED,Shelf-A1,DON_00769
BU-65CE0719,HOSP_D,B_POSITIVE,PLATELETS,2024-12-27,2025-01-01,RESERVED,FAILED,Fridge-2,DON_00675
BU-970E7D09,BB_B,A_NEGATIVE,RBC,2024-11-25,2025-01-06,AVAILABLE,PASSED,Shelf-C1,DON_00145
BU-9B9A1005,HOSP_B,A_POSITIVE,PLATELETS,2024-12-26,2024-12-31,RECEIVED,PASSED,Fridge-3,DON_00282
BU-7CEAD1A3,HOSP_C,A_POSITIVE,PLATELETS,2024-12-29,2025-01-03,QUARANTINED,FAILED,Shelf-C1,DON_00284
BU-DD2EC0E6,HOSP_E,A_POSITIVE,WHOLE_BLOOD,2024-12-25,2025-01-29,DISPATCHED,REVIEW_REQUIRED,Fridge-2,DON_00484
BU-1883C092,BB_A,A_NEGATIVE,PLASMA,2024-10-26,2025-10-26,RECEIVED,PASSED,Shelf-B1,DON_00337
BU-540E389C,HOSP_B,A_POSITIVE,PLATELETS,2024-12-30,2025-01-04,RECEIVED,PASSED,Platelet-Agitator-1,DON_00580
BU-7BCB24BB,BB_B,O_POSITIVE,RBC,2024-12-02,2025-01-13,AVAILABLE,PASSED,Shelf-C1,DON_00205
BU-5FC7704F,HOSP_E,O_POSITIVE,RBC,2024-12-27,2025-02-07,AVAILABLE,PENDING,Fridge-1,DON_00020
BU-0B062C77,HOSP_C,A_POSITIVE,RBC,2024-12-22,2025-02-02,DISPATCHED,PASSED,Shelf-B2,DON_00383
BU-D2150BE3,HOSP_A,O_POSITIVE,PLATELETS,2024-12-30,2025-01-04,DISPATCHED,PASSED,Shelf-A1,DON_00726
BU-89A9E171,HOSP_A,O_POSITIVE,PLASMA,2024-05-16,2025-05-16,DISPATCHED,PASSED,Shelf-A1,DON_00441
BU-42AF30CD,BB_A,A_POSITIVE,RBC,2024-12-28,2025-02-08,RECEIVED,PASSED,Shelf-B1,DON_00188
BU-CA2368AB,HOSP_B,O_POSITIVE,RBC,2024-12-27,2025-02-07,EXPIRED,FAILED,Shelf-B2,DON_00437
BU-DFC6618A,HOSP_C,O_NEGATIVE,PLASMA,2024-10-21,2025-10-21,USED,REVIEW_REQUIRED,Shelf-B1,DON_00297
BU-A5DD6545,HOSP_D,B_POSITIVE,RBC,2024-12-15,2025-01-26,AVAILABLE,PENDING,Shelf-A2,DON_00314
BU-B5F27F3A,HOSP_C,O_POSITIVE,PLASMA,2024-10-09,2025-10-09,DISPATCHED,FAILED,Fridge-1,DON_00197
BU-FB2019AB,HOSP_E,O_POSITIVE,WHOLE_BLOOD,2024-12-25,2025-01-29,EXPIRED,PASSED,Shelf-A1,DON_00150
BU-1B6189EC,HOSP_D,O_NEGATIVE,PLATELETS,2024-12-26,2024-12-31,EXPIRED,PASSED,Platelet-Agitator-1,DON_00095
BU-79FDCE22,BB_B,A_POSITIVE,PLASMA,2024-07-07,2025-07-07,USED,PASSED,Shelf-A1,DON_00296
BU-57BD2E9C,BB_B,B_POSITIVE,WHOLE_BLOOD,2024-12-21,2025-01-25,AVAILABLE,REVIEW_REQUIRED,Fridge-1,DON_00598
BU-6327169B,BB_A,A_POSITIVE,PLATELETS,2024-12-26,2024-12-31,EXPIRED,FAILED,Fridge-2,DON_00411
BU-DA9BF3A8,HOSP_C,O_NEGATIVE,WHOLE_BLOOD,2024-12-19,2025-01-23,AVAILABLE,PASSED,Fridge-2,DON_00508
BU-0C4FC2B8,HOSP_B,A_POSITIVE,RBC,2024-12-02,2025-01-13,AVAILABLE,PENDING,Shelf-B2,DON_00690
BU-669306FD,BB_B,B_POSITIVE,PLASMA,2024-07-01,2025-07-01,AVAILABLE,PENDING,Fridge-2,DON_00767
BU-25E65E20,HOSP_C,B_POSITIVE,PLATELETS,2024-12-29,2025-01-03,EXPIRED,REVIEW_REQUIRED,Shelf-B1,DON_00239
BU-FAC0D8C1,BB_A,O_POSITIVE,RBC,2024-12-22,2025-02-02,DISPATCHED,REVIEW_REQUIRED,Fridge-2,DON_00528
BU-AD82EAE2,BB_A,A_NEGATIVE,RBC,2024-12-29,2025-02-09,EXPIRED,PASSED,Shelf-B1,DON_00067
BU-648609A7,HOSP_B,A_POSITIVE,PLASMA,2024-03-09,2025-03-09,RESERVED,PENDING,Shelf-C1,DON_00363
BU-E10C5AD7,BB_A,A_POSITIVE,PLATELETS,2024-12-28,2025-01-02,USED,PASSED,Fridge-2,DON_00464
BU-F1A5DDA7,HOSP_C,O_POSITIVE,RBC,2024-12-20,2025-01-31,AVAILABLE,PENDING,Fridge-2,DON_00507
BU-8B05C327,HOSP_D,O_POSITIVE,PLATELETS,2024-12-26,2024-12-31,RESERVED,REVIEW_REQUIRED,Fridge-3,DON_00669
BU-6E70A093,HOSP_A,O_POSITIVE,WHOLE_BLOOD,2024-12-14,2025-01-18,RECEIVED,FAILED,Shelf-A1,DON_00590
BU-24D821AD,HOSP_B,AB_POSITIVE,PLATELETS,2024-12-29,2025-01-03,USED,FAILED,Fridge-3,DON_00710
BU-8BF18F70,HOSP_A,O_POSITIVE,PLASMA,2024-12-24,2025-12-24,AVAILABLE,PASSED,Shelf-B1,DON_00707
BU-37867134,HOSP_D,A_POSITIVE,WHOLE_BLOOD,2024-12-20,2025-01-24,EXPIRED,PASSED,Shelf-C1,DON_00417
BU-85421385,HOSP_B,A_POSITIVE,PLATELETS,2024-12-31,2025-01-05,AVAILABLE,PASSED,Shelf-B2,DON_00543
BU-6A1A8864,HOSP_B,A_POSITIVE,PLASMA,2024-10-12,2025-10-12,AVAILABLE,PASSED,Shelf-B2,DON_00383
BU-C187ACF7,HOSP_D,O_POSITIVE,RBC,2024-11-28,2025-01-09,USED,REVIEW_REQUIRED,Shelf-B2,DON_00438
BU-2FB2C3F4,HOSP_D,A_POSITIVE,WHOLE_BLOOD,2024-11-28,2025-01-02,QUARANTINED,FAILED,Shelf-C1,DON_00633
BU-23E7CD4A,BB_B,B_POSITIVE,PLATELETS,2024-12-28,2025-01-02,EXPIRED,PENDING,Shelf-B2,DON_00277
BU-F96C2698,HOSP_D,O_POSITIVE,PLASMA,2024-06-03,2025-06-03,DISPATCHED,PASSED,Shelf-C1,DON_00728
BU-EB2767D3,HOSP_E,AB_POSITIVE,WHOLE_BLOOD,2024-12-28,2025-02-01,RECEIVED,PASSED,Shelf-C1,DON_00269
BU-3C762795,HOSP_C,A_NEGATIVE,PLATELETS,2024-12-26,2024-12-31,RESERVED,PASSED,Shelf-B1,DON_00626
BU-25E2DE08,HOSP_D,B_POSITIVE,RBC,2024-12-27,2025-02-07,RECEIVED,PENDING,Platelet-Agitator-1,DON_00707
BU-5FEFE794,BB_B,O_POSITIVE,PLASMA,2024-07-31,2025-07-31,AVAILABLE,PENDING,Shelf-B1,DON_00507
BU-63B30E96,HOSP_A,O_POSITIVE,PLATELETS,2024-12-28,2025-01-02,AVAILABLE,FAILED,Shelf-C1,DON_00002
BU-2034B2C5,BB_A,AB_POSITIVE,PLATELETS,2024-12-26,2024-12-31,EXPIRED,PASSED,Shelf-C1,DON_00389
BU-BE564C78,HOSP_A,AB_POSITIVE,RBC,2024-12-27,2025-02-07,DISPATCHED,FAILED,Fridge-1,DON_00733
BU-D1626723,HOSP_A,O_POSITIVE,WHOLE_BLOOD,2024-12-02,2025-01-06,AVAILABLE,PASSED,Fridge-3,DON_00548
BU-AB9DBBB7,HOSP_B,AB_NEGATIVE,RBC,2024-12-17,2025-01-28,DISPATCHED,PASSED,Fridge-3,DON_00640
BU-C25F8040,HOSP_C,AB_POSITIVE,PLASMA,2024-05-02,2025-05-02,USED,PENDING,Shelf-A1,DON_00510
BU-297E39AF,HOSP_D,O_POSITIVE,PLATELETS,2024-12-26,2024-12-31,EXPIRED,PASSED,Shelf-A2,DON_00339
BU-B48AC189,HOSP_C,O_POSITIVE,WHOLE_BLOOD,2024-12-31,2025-02-04,AVAILABLE,PASSED,Shelf-A1,DON_00432
BU-87FCA4E2,HOSP_D,O_NEGATIVE,RBC,2024-11-25,2025-01-06,RECEIVED,PASSED,Platelet-Agitator-1,DON_00533
BU-749687CF,HOSP_E,O_POSITIVE,WHOLE_BLOOD,2024-12-01,2025-01-05,QUARANTINED,REVIEW_REQUIRED,Shelf-B1,DON_00163
BU-1C8EFB14,BB_A,O_POSITIVE,WHOLE_BLOOD,2024-12-03,2025-01-07,USED,PASSED,Shelf-A2,DON_00082
BU-FF176001,BB_B,O_POSITIVE,WHOLE_BLOOD,2024-12-27,2025-01-31,USED,FAILED,Shelf-C1,DON_00702
BU-934EC6B0,BB_B,B_POSITIVE,PLASMA,2024-09-30,2025-09-30,EXPIRED,PASSED,Fridge-2,DON_00708
BU-46A610C4,HOSP_C,AB_NEGATIVE,PLATELETS,2024-12-28,2025-01-02,USED,PASSED,Shelf-B2,DON_00692
BU-0E159288,HOSP_D,O_POSITIVE,PLASMA,2024-04-19,2025-04-19,RESERVED,PASSED,Shelf-C1,DON_00554
BU-007C4743,BB_B,A_POSITIVE,RBC,2024-12-24,2025-02-04,USED,PASSED,Platelet-Agitator-1,DON_00773
BU-657FD057,HOSP_E,O_POSITIVE,WHOLE_BLOOD,2024-12-17,2025-01-21,RESERVED,FAILED,Shelf-B2,DON_00292
BU-A530A9DF,BB_A,O_POSITIVE,PLASMA,2024-11-02,2025-11-02,AVAILABLE,PASSED,Shelf-A1,DON_00380
BU-E576417D,HOSP_D,O_POSITIVE,PLASMA,2024-05-12,2025-05-12,DISPATCHED,PASSED,Shelf-B1,DON_00111
BU-E386FAF7,HOSP_B,O_NEGATIVE,PLASMA,2024-04-20,2025-04-20,USED,PENDING,Shelf-A2,DON_00351
BU-04DBF2F1,HOSP_E,A_NEGATIVE,PLATELETS,2024-12-27,2025-01-01,AVAILABLE,PASSED,Fridge-3,DON_00374
BU-E838B7E1,HOSP_C,O_POSITIVE,PLATELETS,2024-12-30,2025-01-04,DISPATCHED,PASSED,Fridge-3,DON_00404
BU-9037C319,HOSP_E,O_POSITIVE,WHOLE_BLOOD,2024-12-17,2025-01-21,USED,PASSED,Shelf-C1,DON_00141
BU-247C0E7E,BB_B,B_POSITIVE,RBC,2024-11-21,2025-01-02,EXPIRED,PENDING,Shelf-C1,DON_00507
BU-5C5C4E06,BB_A,B_POSITIVE,PLASMA,2024-09-19,2025-09-19,AVAILABLE,REVIEW_REQUIRED,Fridge-3,DON_00641
BU-24B6F994,BB_B,O_POSITIVE,PLATELETS,2024-12-30,2025-01-04,AVAILABLE,PASSED,Shelf-C1,DON_00466
BU-48311DF4,HOSP_E,O_POSITIVE,PLATELETS,2024-12-30,2025-01-04,RECEIVED,PASSED,Shelf-C1,DON_00641
BU-A3C06E9A,HOSP_A,O_NEGATIVE,PLATELETS,2024-12-31,2025-01-05,EXPIRED,PASSED,Shelf-B1,DON_00707
BU-3C8434E6,HOSP_C,O_POSITIVE,RBC,2024-12-11,2025-01-22,USED,REVIEW_REQUIRED,Shelf-B2,DON_00564
BU-DF9435B4,HOSP_C,B_POSITIVE,PLASMA,2024-10-04,2025-10-04,AVAILABLE,FAILED,Shelf-B2,DON_00264
BU-FAF1B0E2,HOSP_D,A_POSITIVE,WHOLE_BLOOD,2024-12-23,2025-01-27,RESERVED,REVIEW_REQUIRED,Fridge-3,DON_00755
BU-64B0A491,BB_B,O_NEGATIVE,PLATELETS,2024-12-27,2025-01-01,RECEIVED,PASSED,Shelf-B1,DON_00428
BU-9477CCFE,HOSP_B,A_NEGATIVE,RBC,2024-12-27,2025-02-07,USED,PASSED,Shelf-B1,DON_00446
BU-BB837158,HOSP_C,A_POSITIVE,RBC,2024-11-19,2024-12-31,QUARANTINED,FAILED,Fridge-3,DON_00597
BU-B0A6675E,HOSP_C,B_POSITIVE,WHOLE_BLOOD,2024-12-24,2025-01-28,USED,PASSED,Fridge-2,DON_00720
BU-529342DD,HOSP_C,O_POSITIVE,WHOLE_BLOOD,2024-12-17,2025-01-21,AVAILABLE,PASSED,Fridge-3,DON_00216
BU-F9F31647,HOSP_C,O_POSITIVE,WHOLE_BLOOD,2024-12-24,2025-01-28,EXPIRED,PENDING,Fridge-2,DON_00630
BU-D636FD77,HOSP_A,O_POSITIVE,RBC,2024-12-31,2025-02-11,QUARANTINED,REVIEW_REQUIRED,Fridge-2,DON_00054
BU-4B3C26D5,HOSP_B,O_POSITIVE,RBC,2024-12-03,2025-01-14,USED,PASSED,Fridge-1,DON_00179
BU-CFB4893F,BB_A,A_POSITIVE,WHOLE_BLOOD,2024-12-27,2025-01-31,EXPIRED,PASSED,Fridge-3,DON_00151
BU-A2A4A83C,HOSP_C,B_POSITIVE,RBC,2024-12-01,2025-01-12,QUARANTINED,FAILED,Platelet-Agitator-1,DON_00681
BU-E05F8DF7,HOSP_A,O_NEGATIVE,PLATELETS,2024-12-28,2025-01-02,AVAILABLE,FAILED,Fridge-2,DON_00695
BU-1ED02C70,HOSP_C,A_POSITIVE,PLASMA,2024-05-11,2025-05-11,AVAILABLE,PASSED,Shelf-A2,DON_00709
BU-7C4FB471,HOSP_D,O_NEGATIVE,RBC,2024-11-30,2025-01-11,AVAILABLE,PASSED,Shelf-B1,DON_00010
BU-678EC6B4,BB_B,AB_POSITIVE,PLATELETS,2024-12-31,2025-01-05,AVAILABLE,FAILED,Shelf-B2,DON_00369
BU-A2800327,HOSP_D,A_POSITIVE,RBC,2024-12-10,2025-01-21,USED,PASSED,Shelf-B2,DON_00124
BU-373E5F56,BB_A,O_POSITIVE,WHOLE_BLOOD,2024-12-22,2025-01-26,RECEIVED,FAILED,Shelf-A1,DON_00152
BU-FE5EE46B,BB_A,B_POSITIVE,PLASMA,2024-12-05,2025-12-05,USED,REVIEW_REQUIRED,Shelf-C1,DON_00392
BU-AE6D158F,HOSP_D,B_POSITIVE,PLATELETS,2024-12-26,2024-12-31,RESERVED,PASSED,Shelf-B1,DON_00575
BU-F25CE8A1,HOSP_A,B_POSITIVE,WHOLE_BLOOD,2024-12-29,2025-02-02,AVAILABLE,PENDING,Shelf-B1,DON_00477
BU-A7D10261,HOSP_C,O_POSITIVE,WHOLE_BLOOD,2024-12-17,2025-01-21,AVAILABLE,FAILED,Shelf-C1,DON_00619
BU-FE861013,BB_A,O_POSITIVE,PLATELETS,2024-12-28,2025-01-02,QUARANTINED,REVIEW_REQUIRED,Shelf-B1,DON_00372
BU-B8F2325B,HOSP_C,A_POSITIVE,PLATELETS,2024-12-28,2025-01-02,EXPIRED,PENDING,Shelf-B2,DON_00561
BU-DF335105,HOSP_A,B_NEGATIVE,WHOLE_BLOOD,2024-11-29,2025-01-03,EXPIRED,FAILED,Shelf-B1,DON_00378
BU-AAE9F26E,HOSP_D,O_POSITIVE,PLATELETS,2024-12-31,2025-01-05,USED,PASSED,Shelf-C1,DON_00239
BU-B4A80B2D,BB_A,O_POSITIVE,PLASMA,2024-01-22,2025-01-21,RESERVED,PASSED,Shelf-B2,DON_00278
BU-278B7464,HOSP_B,B_POSITIVE,PLATELETS,2024-12-30,2025-01-04,AVAILABLE,REVIEW_REQUIRED,Shelf-C1,DON_00739
BU-66C7FF0F,HOSP_C,O_POSITIVE,RBC,2024-11-26,2025-01-07,AVAILABLE,REVIEW_REQUIRED,Shelf-A1,DON_00206
BU-2E3225E0,HOSP_A,A_NEGATIVE,WHOLE_BLOOD,2024-12-11,2025-01-15,DISPATCHED,PASSED,Shelf-A2,DON_00745
BU-0C487E48,HOSP_E,O_POSITIVE,PLATELETS,2024-12-27,2025-01-01,AVAILABLE,PENDING,Shelf-C1,DON_00730
BU-2184F0EE,HOSP_C,O_POSITIVE,PLASMA,2024-05-18,2025-05-18,RESERVED,FAILED,Fridge-2,DON_00030
BU-AED9CACC,HOSP_A,A_POSITIVE,RBC,2024-12-26,2025-02-06,AVAILABLE,REVIEW_REQUIRED,Shelf-A1,DON_00778
BU-9605538E,HOSP_D,A_POSITIVE,PLATELETS,2024-12-30,2025-01-04,RESERVED,PENDING,Shelf-B2,DON_00288
BU-D8028086,BB_B,A_POSITIVE,WHOLE_BLOOD,2024-12-23,2025-01-27,AVAILABLE,PASSED,Platelet-Agitator-1,DON_00573
BU-2644D2D7,HOSP_E,O_POSITIVE,RBC,2024-12-03,2025-01-14,AVAILABLE,PASSED,Shelf-B2,DON_00026
BU-60EE7C0D,HOSP_E,O_POSITIVE,PLATELETS,2024-12-26,2024-12-31,QUARANTINED,REVIEW_REQUIRED,Shelf-C1,DON_00086
BU-7346CE35,HOSP_C,AB_POSITIVE,PLATELETS,2024-12-31,2025-01-05,AVAILABLE,PASSED,Shelf-C1,DON_00190
BU-943BFF96,HOSP_A,B_POSITIVE,RBC,2024-12-26,2025-02-06,QUARANTINED,FAILED,Shelf-C1,DON_00041
BU-DF28E498,HOSP_E,A_POSITIVE,PLATELETS,2024-12-26,2024-12-31,RECEIVED,REVIEW_REQUIRED,Shelf-A1,DON_00337
BU-B577C9EE,BB_B,O_POSITIVE,PLATELETS,2024-12-28,2025-01-02,AVAILABLE,PENDING,Shelf-A2,DON_00746
BU-C82E26BA,HOSP_C,A_POSITIVE,WHOLE_BLOOD,2024-11-29,2025-01-03,QUARANTINED,FAILED,Fridge-2,DON_00583
BU-6F879BC8,HOSP_A,O_POSITIVE,PLASMA,2024-01-27,2025-01-26,AVAILABLE,PENDING,Fridge-3,DON_00657
BU-A5ED08FA,HOSP_E,O_POSITIVE,PLASMA,2024-04-23,2025-04-23,AVAILABLE,PASSED,Shelf-A1,DON_00604
BU-DBAE9363,BB_B,B_POSITIVE,PLATELETS,2024-12-26,2024-12-31,USED,FAILED,Shelf-B2,DON_00718
BU-DAE74F1E,BB_A,A_NEGATIVE,WHOLE_BLOOD,2024-12-30,2025-02-03,USED,PASSED,Shelf-A2,DON_00350
BU-6898DF48,HOSP_E,A_NEGATIVE,RBC,2024-12-15,2025-01-26,EXPIRED,FAILED,Shelf-C1,DON_00670
BU-3404B96D,HOSP_E,O_POSITIVE,PLATELETS,2024-12-29,2025-01-03,QUARANTINED,FAILED,Shelf-C1,DON_00122
BU-D5522BF2,HOSP_D,B_POSITIVE,PLASMA,2024-07-09,2025-07-09,EXPIRED,PASSED,Shelf-B2,DON_00336
BU-532B0264,BB_A,O_POSITIVE,PLATELETS,2024-12-27,2025-01-01,USED,PASSED,Platelet-Agitator-1,DON_00258
BU-5183C54D,BB_A,O_POSITIVE,WHOLE_BLOOD,2024-12-02,2025-01-06,EXPIRED,PASSED,Fridge-1,DON_00142
BU-01E6E990,BB_A,A_NEGATIVE,PLATELETS,2024-12-31,2025-01-05,AVAILABLE,PASSED,Platelet-Agitator-1,DON_00260
BU-FCCD13DA,HOSP_D,A_POSITIVE,PLATELETS,2024-12-26,2024-12-31,DISPATCHED,PENDING,Shelf-A2,DON_00586
BU-D537A48F,BB_A,O_POSITIVE,RBC,2024-12-04,2025-01-15,RESERVED,FAILED,Shelf-A2,DON_00107
BU-10EAE842,BB_B,A_POSITIVE,WHOLE_BLOOD,2024-12-15,2025-01-19,AVAILABLE,PASSED,Fridge-1,DON_00783
BU-2336CB28,BB_B,O_NEGATIVE,PLATELETS,2024-12-30,2025-01-04,AVAILABLE,PENDING,Shelf-A2,DON_00630
BU-576847D4,BB_B,B_NEGATIVE,PLATELETS,2024-12-28,2025-01-02,AVAILABLE,PASSED,Shelf-A1,DON_00009
BU-71951750,BB_A,O_POSITIVE,RBC,2024-12-02,2025-01-13,RESERVED,PENDING,Shelf-C1,DON_00189
BU-EC9DD75C,HOSP_E,B_POSITIVE,PLATELETS,2024-12-28,2025-01-02,QUARANTINED,FAILED,Shelf-B1,DON_00410
BU-39681F49,HOSP_D,O_POSITIVE,RBC,2024-12-10,2025-01-21,RESERVED,PASSED,Fridge-2,DON_00296
BU-E99AD675,BB_A,A_POSITIVE,PLATELETS,2024-12-29,2025-01-03,AVAILABLE,PASSED,Platelet-Agitator-1,DON_00163
BU-AD3FED6E,HOSP_C,A_POSITIVE,PLASMA,2024-04-11,2025-04-11,EXPIRED,PASSED,Shelf-A2,DON_00309
BU-985DA762,HOSP_D,O_POSITIVE,RBC,2024-11-23,2025-01-04,AVAILABLE,PASSED,Platelet-Agitator-1,DON_00435
BU-04D83FDB,BB_A,A_POSITIVE,PLATELETS,2024-12-26,2024-12-31,AVAILABLE,PASSED,Fridge-2,DON_00041
BU-FD0861C6,HOSP_C,A_POSITIVE,PLATELETS,2024-12-28,2025-01-02,QUARANTINED,REVIEW_REQUIRED,Shelf-B1,DON_00753
BU-73455E85,BB_A,O_POSITIVE,RBC,2024-11-29,2025-01-10,EXPIRED,PASSED,Platelet-Agitator-1,DON_00613
BU-D5F375C0,HOSP_C,O_POSITIVE,PLASMA,2024-10-10,2025-10-10,AVAILABLE,PASSED,Platelet-Agitator-1,DON_00128
BU-AA9FBC70,HOSP_C,A_POSITIVE,PLASMA,2024-10-01,2025-10-01,DISPATCHED,FAILED,Platelet-Agitator-1,DON_00183
BU-BC43EA29,BB_A,O_POSITIVE,RBC,2024-12-02,2025-01-13,AVAILABLE,REVIEW_REQUIRED,Shelf-B2,DON_00743
BU-4EFC7135,HOSP_D,A_POSITIVE,PLASMA,2024-04-11,2025-04-11,DISPATCHED,PASSED,Shelf-B1,DON_00250
BU-80EDC896,BB_B,A_NEGATIVE,RBC,2024-11-25,2025-01-06,RECEIVED,PASSED,Fridge-2,DON_00270
BU-CC3D38F3,HOSP_B,O_POSITIVE,PLASMA,2024-03-18,2025-03-18,QUARANTINED,FAILED,Fridge-3,DON_00356
BU-DE170794,HOSP_D,B_POSITIVE,RBC,2024-12-07,2025-01-18,QUARANTINED,REVIEW_REQUIRED,Shelf-A1,DON_00443
BU-EFF3B765,BB_A,A_POSITIVE,PLATELETS,2024-12-28,2025-01-02,QUARANTINED,REVIEW_REQUIRED,Shelf-A2,DON_00527
BU-63554F3F,HOSP_E,B_NEGATIVE,PLASMA,2024-12-31,2025-12-31,AVAILABLE,PENDING,Shelf-B1,DON_00111
BU-3062302C,BB_B,O_POSITIVE,RBC,2024-11-27,2025-01-08,QUARANTINED,FAILED,Shelf-B1,DON_00154
BU-92327736,HOSP_B,O_POSITIVE,RBC,2024-12-26,2025-02-06,USED,PASSED,Shelf-C1,DON_00211
BU-094F13D4,BB_B,A_POSITIVE,WHOLE_BLOOD,2024-12-10,2025-01-14,AVAILABLE,REVIEW_REQUIRED,Shelf-B2,DON_00188
BU-32945D77,HOSP_D,A_NEGATIVE,WHOLE_BLOOD,2024-12-06,2025-01-10,USED,PASSED,Shelf-C1,DON_00568
BU-18D81015,HOSP_B,AB_NEGATIVE,RBC,2024-11-21,2025-01-02,AVAILABLE,PENDING,Fridge-1,DON_00084
BU-74D8851F,HOSP_B,O_POSITIVE,RBC,2024-12-25,2025-02-05,QUARANTINED,FAILED,Shelf-B2,DON_00326
BU-21411725,HOSP_E,B_NEGATIVE,PLATELETS,2024-12-28,2025-01-02,QUARANTINED,REVIEW_REQUIRED,Shelf-C1,DON_00216
BU-69A626E9,HOSP_C,O_POSITIVE,PLATELETS,2024-12-30,2025-01-04,DISPATCHED,PASSED,Shelf-A2,DON_00309
BU-54E5C1A9,HOSP_E,O_POSITIVE,PLASMA,2024-07-23,2025-07-23,RESERVED,PASSED,Fridge-2,DON_00639
BU-5EA7D2DD,BB_B,O_POSITIVE,RBC,2024-12-09,2025-01-20,EXPIRED,PASSED,Fridge-1,DON_00284
BU-638CDD4B,HOSP_A,A_POSITIVE,PLASMA,2024-02-16,2025-02-15,RECEIVED,PASSED,Shelf-B1,DON_00168
BU-06A1FF9F,HOSP_A,O_POSITIVE,PLATELETS,2024-12-29,2025-01-03,QUARANTINED,REVIEW_REQUIRED,Shelf-B2,DON_00459
BU-68791E74,HOSP_E,A_POSITIVE,RBC,2024-12-10,2025-01-21,AVAILABLE,PASSED,Fridge-2,DON_00626
BU-6E1BFF11,HOSP_E,A_NEGATIVE,PLATELETS,2024-12-30,2025-01-04,QUARANTINED,FAILED,Shelf-A1,DON_00085
BU-53575030,HOSP_D,B_POSITIVE,PLATELETS,2024-12-28,2025-01-02,USED,PASSED,Fridge-2,DON_00647
BU-8C227DA2,HOSP_B,O_POSITIVE,RBC,2024-11-19,2024-12-31,RECEIVED,FAILED,Fridge-1,DON_00034
BU-C1C43FA6,HOSP_A,A_NEGATIVE,PLASMA,2024-05-04,2025-05-04,RECEIVED,REVIEW_REQUIRED,Fridge-1,DON_00096
BU-F2768C74,BB_B,O_POSITIVE,RBC,2024-12-04,2025-01-15,AVAILABLE,PASSED,Shelf-B1,DON_00358
BU-10406549,BB_A,O_POSITIVE,PLASMA,2024-06-29,2025-06-29,RESERVED,PASSED,Fridge-3,DON_00255
BU-E9C8A95C,HOSP_E,A_POSITIVE,RBC,2024-12-27,2025-02-07,USED,PASSED,Shelf-C1,DON_00057
BU-1631A843,HOSP_A,AB_POSITIVE,PLASMA,2024-07-13,2025-07-13,USED,REVIEW_REQUIRED,Platelet-Agitator-1,DON_00607
BU-F9586A27,HOSP_B,O_NEGATIVE,WHOLE_BLOOD,2024-12-06,2025-01-10,AVAILABLE,PASSED,Shelf-A2,DON_00543
BU-6507F42D,BB_A,A_POSITIVE,RBC,2024-11-26,2025-01-07,AVAILABLE,PASSED,Shelf-A2,DON_00274
BU-D6E840EF,HOSP_A,O_POSITIVE,WHOLE_BLOOD,2024-12-12,2025-01-16,RESERVED,PENDING,Shelf-C1,DON_00378
BU-B5A60801,HOSP_C,AB_NEGATIVE,WHOLE_BLOOD,2024-12-05,2025-01-09,USED,PASSED,Shelf-A1,DON_00052
BU-91CBDA64,HOSP_B,O_POSITIVE,PLATELETS,2024-12-31,2025-01-05,USED,PASSED,Shelf-B1,DON_00214
BU-79DE4A31,HOSP_E,B_POSITIVE,RBC,2024-11-29,2025-01-10,AVAILABLE,PENDING,Platelet-Agitator-1,DON_00290
BU-59664617,HOSP_E,A_POSITIVE,WHOLE_BLOOD,2024-12-03,2025-01-07,USED,PASSED,Platelet-Agitator-1,DON_00380
BU-B6277CD4,BB_A,A_POSITIVE,WHOLE_BLOOD,2024-12-09,2025-01-13,AVAILABLE,PENDING,Shelf-B2,DON_00056
BU-2337AD07,HOSP_D,B_NEGATIVE,PLATELETS,2024-12-29,2025-01-03,AVAILABLE,PASSED,Fridge-2,DON_00124
BU-8B653669,BB_B,O_POSITIVE,RBC,2024-12-26,2025-02-06,QUARANTINED,REVIEW_REQUIRED,Shelf-C1,DON_00131
BU-7228EBE0,BB_A,O_NEGATIVE,PLASMA,2024-09-01,2025-09-01,USED,FAILED,Fridge-2,DON_00728
BU-AABFD272,BB_A,B_POSITIVE,WHOLE_BLOOD,2024-12-21,2025-01-25,EXPIRED,PASSED,Fridge-2,DON_00771
BU-935A34E2,HOSP_C,O_POSITIVE,WHOLE_BLOOD,2024-12-14,2025-01-18,USED,FAILED,Shelf-A2,DON_00017
BU-F22E9D5D,HOSP_D,O_POSITIVE,PLASMA,2024-02-09,2025-02-08,RECEIVED,PASSED,Fridge-3,DON_00780
BU-176DFE2F,HOSP_B,O_POSITIVE,PLATELETS,2024-12-27,2025-01-01,DISPATCHED,FAILED,Fridge-3,DON_00785
BU-119DB511,HOSP_C,O_POSITIVE,WHOLE_BLOOD,2024-12-04,2025-01-08,RECEIVED,PASSED,Platelet-Agitator-1,DON_00057
BU-1E6C654E,HOSP_B,B_POSITIVE,RBC,2024-12-27,2025-02-07,AVAILABLE,PASSED,Shelf-C1,DON_00198
BU-26763FEE,HOSP_A,A_POSITIVE,PLASMA,2024-12-20,2025-12-20,RESERVED,REVIEW_REQUIRED,Fridge-1,DON_00160
BU-F06F3981,HOSP_E,O_POSITIVE,WHOLE_BLOOD,2024-12-30,2025-02-03,EXPIRED,PASSED,Shelf-B2,DON_00156
BU-456534DE,HOSP_C,B_POSITIVE,PLASMA,2024-07-18,2025-07-18,QUARANTINED,FAILED,Shelf-A1,DON_00777
BU-0D69D11D,HOSP_C,A_POSITIVE,PLASMA,2024-02-29,2025-02-28,AVAILABLE,PASSED,Fridge-1,DON_00192
BU-25EAD55D,BB_A,B_NEGATIVE,RBC,2024-12-26,2025-02-06,USED,PASSED,Shelf-B2,DON_00637
BU-86FE4248,HOSP_A,O_NEGATIVE,PLASMA,2024-12-19,2025-12-19,DISPATCHED,PASSED,Fridge-3,DON_00036
BU-4BA1EBE6,BB_B,O_POSITIVE,PLATELETS,2024-12-27,2025-01-01,AVAILABLE,PASSED,Shelf-B2,DON_00790
BU-6EC359B3,BB_B,O_POSITIVE,WHOLE_BLOOD,2024-12-29,2025-02-02,RECEIVED,PASSED,Platelet-Agitator-1,DON_00158
BU-BB95E193,BB_A,O_POSITIVE,RBC,2024-11-21,2025-01-02,RESERVED,REVIEW_REQUIRED,Shelf-C1,DON_00466
BU-67DC4406,HOSP_E,A_POSITIVE,RBC,2024-11-21,2025-01-02,RECEIVED,PENDING,Platelet-Agitator-1,DON_00163
BU-AAFB2254,BB_B,O_NEGATIVE,PLATELETS,2024-12-30,2025-01-04,QUARANTINED,FAILED,Shelf-B1,DON_00020
BU-15F5C461,HOSP_B,A_POSITIVE,WHOLE_BLOOD,2024-11-26,2024-12-31,USED,FAILED,Shelf-B1,DON_00567
BU-EA44A94D,BB_B,O_POSITIVE,PLASMA,2024-03-13,2025-03-13,RECEIVED,PASSED,Fridge-2,DON_00603
BU-F8EEC8A0,HOSP_A,A_POSITIVE,RBC,2024-12-21,2025-02-01,AVAILABLE,PASSED,Shelf-C1,DON_00555
BU-D3C2D17D,HOSP_D,O_POSITIVE,PLATELETS,2024-12-28,2025-01-02,QUARANTINED,FAILED,Fridge-3,DON_00442
BU-C06A96E6,HOSP_A,O_POSITIVE,RBC,2024-12-28,2025-02-08,RESERVED,PENDING,Fridge-2,DON_00663
BU-C915E4BF,HOSP_C,O_NEGATIVE,PLASMA,2024-03-16,2025-03-16,QUARANTINED,FAILED,Fridge-3,DON_00084
BU-E6A78C9D,BB_B,A_POSITIVE,PLASMA,2024-01-29,2025-01-28,RESERVED,PASSED,Fridge-3,DON_00552
BU-EA747A3B,HOSP_D,B_NEGATIVE,PLATELETS,2024-12-31,2025-01-05,USED,REVIEW_REQUIRED,Shelf-A1,DON_00409
BU-FAF57B51,HOSP_E,AB_NEGATIVE,WHOLE_BLOOD,2024-12-27,2025-01-31,EXPIRED,PASSED,Shelf-C1,DON_00599
BU-FF76EFD6,BB_B,B_POSITIVE,PLASMA,2024-11-06,2025-11-06,AVAILABLE,REVIEW_REQUIRED,Shelf-C1,DON_00079
BU-9D84992B,BB_A,B_POSITIVE,WHOLE_BLOOD,2024-12-20,2025-01-24,RECEIVED,PASSED,Fridge-2,DON_00161
BU-7B9511CA,HOSP_B,A_POSITIVE,WHOLE_BLOOD,2024-12-11,2025-01-15,EXPIRED,PENDING,Fridge-3,DON_00350
BU-169EA6E9,HOSP_B,AB_POSITIVE,RBC,2024-12-04,2025-01-15,AVAILABLE,PASSED,Shelf-B2,DON_00152
BU-99843917,BB_A,O_POSITIVE,RBC,2024-12-12,2025-01-23,EXPIRED,PASSED,Shelf-C1,DON_00748
BU-149316DB,HOSP_B,A_POSITIVE,RBC,2024-12-31,2025-02-11,QUARANTINED,FAILED,Shelf-A1,DON_00183
BU-AD582E88,HOSP_D,B_POSITIVE,PLASMA,2024-04-22,2025-04-22,AVAILABLE,PASSED,Fridge-3,DON_00531
BU-02892496,HOSP_E,A_POSITIVE,PLATELETS,2024-12-30,2025-01-04,RESERVED,PASSED,Fridge-1,DON_00167
BU-9D645FE6,BB_B,O_POSITIVE,PLASMA,2024-01-31,2025-01-30,AVAILABLE,REVIEW_REQUIRED,Platelet-Agitator-1,DON_00407
BU-97243A72,HOSP_B,O_POSITIVE,PLASMA,2024-08-02,2025-08-02,RECEIVED,PASSED,Shelf-A2,DON_00677
BU-296EFBBF,BB_A,O_POSITIVE,RBC,2024-12-16,2025-01-27,AVAILABLE,PASSED,Fridge-2,DON_00282
BU-8EDAF660,HOSP_A,O_POSITIVE,WHOLE_BLOOD,2024-12-03,2025-01-07,QUARANTINED,FAILED,Shelf-B1,DON_00169
BU-D802CDCD,HOSP_A,A_POSITIVE,RBC,2024-12-06,2025-01-17,RESERVED,PASSED,Fridge-3,DON_00077
BU-2A4372B6,HOSP_E,O_POSITIVE,PLATELETS,2024-12-29,2025-01-03,EXPIRED,REVIEW_REQUIRED,Platelet-Agitator-1,DON_00701
BU-9D4A72CF,HOSP_D,O_POSITIVE,PLATELETS,2024-12-28,2025-01-02,AVAILABLE,PENDING,Fridge-2,DON_00145
BU-04DA339E,HOSP_C,A_POSITIVE,PLASMA,2024-07-21,2025-07-21,EXPIRED,PASSED,Shelf-B1,DON_00489
BU-F65DD7BC,HOSP_A,O_POSITIVE,WHOLE_BLOOD,2024-11-30,2025-01-04,AVAILABLE,PASSED,Shelf-C1,DON_00697
BU-B952F865,HOSP_B,AB_NEGATIVE,RBC,2024-12-29,2025-02-09,USED,PASSED,Fridge-3,DON_00517
BU-A792BF5A,HOSP_D,A_POSITIVE,PLATELETS,2024-12-30,2025-01-04,USED,PASSED,Fridge-1,DON_00198
BU-AE759526,HOSP_C,A_POSITIVE,PLATELETS,2024-12-30,2025-01-04,AVAILABLE,REVIEW_REQUIRED,Shelf-B1,DON_00605
BU-FF657DFE,BB_A,O_NEGATIVE,PLATELETS,2024-12-30,2025-01-04,DISPATCHED,FAILED,Shelf-A1,DON_00406
BU-2B32D9C7,HOSP_A,A_POSITIVE,WHOLE_BLOOD,2024-12-22,2025-01-26,QUARANTINED,REVIEW_REQUIRED,Fridge-2,DON_00672
BU-E44F236E,HOSP_C,A_POSITIVE,PLATELETS,2024-12-31,2025-01-05,RECEIVED,PASSED,Fridge-3,DON_00729
BU-F98622FA,BB_A,O_POSITIVE,WHOLE_BLOOD,2024-12-19,2025-01-23,RECEIVED,PASSED,Platelet-Agitator-1,DON_00663
BU-EB800767,HOSP_C,A_POSITIVE,WHOLE_BLOOD,2024-12-02,2025-01-06,RECEIVED,REVIEW_REQUIRED,Fridge-3,DON_00478
BU-10FABEA4,HOSP_B,B_POSITIVE,PLASMA,2024-01-15,2025-01-14,AVAILABLE,FAILED,Platelet-Agitator-1,DON_00380
BU-EE5985E1,HOSP_E,O_POSITIVE,RBC,2024-11-21,2025-01-02,AVAILABLE,PASSED,Shelf-A1,DON_00344
BU-005DF116,HOSP_C,A_POSITIVE,RBC,2024-12-17,2025-01-28,AVAILABLE,FAILED,Fridge-3,DON_00793
BU-44319E04,HOSP_D,O_POSITIVE,PLASMA,2024-10-30,2025-10-30,RESERVED,FAILED,Shelf-B2,DON_00304
BU-6DD07B30,HOSP_A,O_POSITIVE,PLATELETS,2024-12-29,2025-01-03,AVAILABLE,PASSED,Shelf-B2,DON_00619
BU-70F3F9E7,HOSP_B,B_POSITIVE,PLASMA,2024-11-01,2025-11-01,EXPIRED,PASSED,Fridge-2,DON_00131
BU-7E0F11DB,HOSP_E,B_NEGATIVE,WHOLE_BLOOD,2024-12-20,2025-01-24,RECEIVED,PASSED,Shelf-A2,DON_00005
BU-D4B10C7E,HOSP_C,AB_NEGATIVE,PLATELETS,2024-12-27,2025-01-01,RECEIVED,REVIEW_REQUIRED,Shelf-B2,DON_00513
BU-E4C7EFD6,HOSP_E,O_POSITIVE,PLASMA,2024-02-19,2025-02-18,USED,PENDING,Shelf-C1,DON_00363
BU-5AD68FE7,BB_A,A_POSITIVE,PLASMA,2024-08-26,2025-08-26,EXPIRED,PENDING,Platelet-Agitator-1,DON_00662
BU-023B5023,HOSP_E,B_POSITIVE,RBC,2024-12-05,2025-01-16,EXPIRED,PASSED,Shelf-A1,DON_00667
BU-F7383B31,HOSP_E,O_NEGATIVE,RBC,2024-12-09,2025-01-20,AVAILABLE,REVIEW_REQUIRED,Fridge-2,DON_00464
BU-72008C94,HOSP_C,O_NEGATIVE,WHOLE_BLOOD,2024-11-27,2025-01-01,RESERVED,REVIEW_REQUIRED,Shelf-A2,DON_00642
BU-F70C08FF,HOSP_C,O_POSITIVE,WHOLE_BLOOD,2024-12-11,2025-01-15,RESERVED,PASSED,Shelf-C1,DON_00654
BU-122574A0,HOSP_C,O_POSITIVE,PLASMA,2024-10-16,2025-10-16,RESERVED,REVIEW_REQUIRED,Fridge-1,DON_00363
BU-AF1C0289,BB_B,O_POSITIVE,PLASMA,2024-07-09,2025-07-09,EXPIRED,PASSED,Fridge-1,DON_00200
BU-C24A06FC,BB_A,B_POSITIVE,RBC,2024-11-27,2025-01-08,DISPATCHED,PASSED,Fridge-1,DON_00049
BU-BA4A3853,BB_B,O_POSITIVE,RBC,2024-12-14,2025-01-25,DISPATCHED,PASSED,Shelf-C1,DON_00650
BU-84786D8E,HOSP_A,A_POSITIVE,WHOLE_BLOOD,2024-11-29,2025-01-03,QUARANTINED,REVIEW_REQUIRED,Fridge-2,DON_00681
BU-E2AFE1AD,HOSP_E,O_POSITIVE,PLATELETS,2024-12-27,2025-01-01,AVAILABLE,PASSED,Shelf-B2,DON_00198
BU-065BE023,HOSP_D,O_POSITIVE,PLATELETS,2024-12-27,2025-01-01,AVAILABLE,FAILED,Fridge-1,DON_00451
BU-E6B29F29,HOSP_A,O_POSITIVE,RBC,2024-12-21,2025-02-01,RESERVED,PASSED,Shelf-B2,DON_00002
BU-B778DAB1,HOSP_B,B_NEGATIVE,WHOLE_BLOOD,2024-11-27,2025-01-01,AVAILABLE,PENDING,Fridge-1,DON_00339
BU-AB6E44F5,HOSP_A,A_POSITIVE,RBC,2024-12-22,2025-02-02,RECEIVED,PASSED,Shelf-A1,DON_00296
BU-150ADA84,BB_B,O_POSITIVE,PLASMA,2024-11-04,2025-11-04,RESERVED,PASSED,Shelf-A2,DON_00315
BU-3976616E,HOSP_E,B_POSITIVE,WHOLE_BLOOD,2024-12-20,2025-01-24,RECEIVED,FAILED,Fridge-2,DON_00382
BU-C91422C1,BB_B,O_POSITIVE,PLASMA,2024-07-03,2025-07-03,RESERVED,PASSED,Shelf-B2,DON_00670
BU-D952FF73,BB_B,O_POSITIVE,WHOLE_BLOOD,2024-12-01,2025-01-05,AVAILABLE,PENDING,Fridge-1,DON_00350
BU-9E451FB9,HOSP_B,AB_POSITIVE,RBC,2024-11-25,2025-01-06,QUARANTINED,REVIEW_REQUIRED,Shelf-C1,DON_00464
BU-E19C0003,HOSP_E,O_POSITIVE,RBC,2024-12-11,2025-01-22,EXPIRED,PASSED,Shelf-A2,DON_00757
BU-B289C125,HOSP_C,O_POSITIVE,WHOLE_BLOOD,2024-12-04,2025-01-08,DISPATCHED,PASSED,Shelf-A1,DON_00264
BU-16695A46,BB_B,A_POSITIVE,PLATELETS,2024-12-27,2025-01-01,EXPIRED,PASSED,Fridge-3,DON_00507
BU-F177B20B,HOSP_B,O_POSITIVE,PLASMA,2024-04-23,2025-04-23,AVAILABLE,FAILED,Shelf-B2,DON_00645
BU-CCA660FB,HOSP_E,O_POSITIVE,WHOLE_BLOOD,2024-12-15,2025-01-19,RECEIVED,PENDING,Shelf-A2,DON_00775
BU-687B8E7C,BB_B,A_POSITIVE,RBC,2024-12-07,2025-01-18,QUARANTINED,REVIEW_REQUIRED,Fridge-1,DON_00053
BU-A111F4C0,HOSP_A,O_POSITIVE,PLASMA,2024-08-28,2025-08-28,AVAILABLE,PENDING,Fridge-2,DON_00253
BU-12F9854A,BB_A,AB_POSITIVE,PLATELETS,2024-12-26,2024-12-31,AVAILABLE,FAILED,Shelf-B1,DON_00522
BU-D4944796,HOSP_E,O_POSITIVE,RBC,2024-12-16,2025-01-27,RESERVED,PASSED,Shelf-A1,DON_00719
BU-AFBD553D,HOSP_E,O_NEGATIVE,PLATELETS,2024-12-28,2025-01-02,AVAILABLE,PENDING,Fridge-2,DON_00248
BU-543A2DDC,BB_B,A_POSITIVE,PLATELETS,2024-12-30,2025-01-04,AVAILABLE,REVIEW_REQUIRED,Platelet-Agitator-1,DON_00215
BU-A7BC9523,HOSP_A,O_POSITIVE,PLASMA,2024-01-19,2025-01-18,RESERVED,REVIEW_REQUIRED,Shelf-B1,DON_00483
BU-76AB482C,HOSP_E,B_POSITIVE,RBC,2024-12-06,2025-01-17,AVAILABLE,PENDING,Shelf-B2,DON_00585
BU-4BFEEB99,HOSP_B,A_POSITIVE,WHOLE_BLOOD,2024-12-19,2025-01-23,AVAILABLE,PENDING,Shelf-B2,DON_00160
BU-2C3E35DA,BB_A,B_POSITIVE,WHOLE_BLOOD,2024-12-20,2025-01-24,USED,PENDING,Shelf-B2,DON_00572
BU-B0F094D4,HOSP_A,O_POSITIVE,PLASMA,2024-04-30,2025-04-30,RESERVED,PASSED,Shelf-B2,DON_00635
BU-7335F260,HOSP_C,B_POSITIVE,RBC,2024-11-23,2025-01-04,QUARANTINED,REVIEW_REQUIRED,Shelf-A2,DON_00076
BU-3204DD93,HOSP_C,O_POSITIVE,RBC,2024-12-13,2025-01-24,QUARANTINED,REVIEW_REQUIRED,Fridge-2,DON_00302
BU-7E4ED3D1,HOSP_D,AB_NEGATIVE,PLASMA,2024-01-12,2025-01-11,EXPIRED,PASSED,Fridge-1,DON_00122
BU-491FE543,HOSP_B,O_POSITIVE,RBC,2024-11-19,2024-12-31,DISPATCHED,FAILED,Shelf-A2,DON_00447
BU-5535B9E9,HOSP_C,O_POSITIVE,WHOLE_BLOOD,2024-12-19,2025-01-23,DISPATCHED,FAILED,Fridge-1,DON_00023
BU-50C10CAC,HOSP_B,A_POSITIVE,PLASMA,2024-09-15,2025-09-15,AVAILABLE,PASSED,Shelf-B1,DON_00725
BU-3C09F504,HOSP_B,O_POSITIVE,PLATELETS,2024-12-27,2025-01-01,USED,REVIEW_REQUIRED,Shelf-B1,DON_00252
BU-301766E1,HOSP_E,O_POSITIVE,PLASMA,2024-06-05,2025-06-05,QUARANTINED,FAILED,Shelf-B1,DON_00739
BU-198AFCDA,HOSP_D,AB_POSITIVE,PLASMA,2024-11-17,2025-11-17,RECEIVED,PASSED,Fridge-2,DON_00155
BU-62F0E1CF,HOSP_D,A_POSITIVE,PLATELETS,2024-12-26,2024-12-31,AVAILABLE,PASSED,Fridge-3,DON_00757
BU-F27B78B4,HOSP_E,O_POSITIVE,RBC,2024-12-19,2025-01-30,QUARANTINED,REVIEW_REQUIRED,Shelf-A2,DON_00269
BU-2FB74404,HOSP_A,B_POSITIVE,PLASMA,2024-06-01,2025-06-01,EXPIRED,PASSED,Shelf-A2,DON_00292
BU-4462BE8D,BB_A,A_POSITIVE,PLATELETS,2024-12-31,2025-01-05,RECEIVED,PASSED,Shelf-A2,DON_00630
BU-27075700,HOSP_D,B_NEGATIVE,PLASMA,2024-03-08,2025-03-08,DISPATCHED,PASSED,Fridge-2,DON_00511
BU-27C2689C,HOSP_B,A_POSITIVE,WHOLE_BLOOD,2024-12-26,2025-01-30,DISPATCHED,PASSED,Fridge-3,DON_00360
BU-5D737DBF,HOSP_A,A_POSITIVE,WHOLE_BLOOD,2024-11-30,2025-01-04,USED,FAILED,Shelf-B2,DON_00205
BU-DE0C046A,HOSP_D,A_POSITIVE,WHOLE_BLOOD,2024-12-22,2025-01-26,RESERVED,PASSED,Fridge-2,DON_00032
BU-AC89678E,HOSP_C,O_NEGATIVE,WHOLE_BLOOD,2024-12-07,2025-01-11,DISPATCHED,PASSED,Fridge-2,DON_00363
BU-D18A2620,HOSP_D,O_POSITIVE,PLASMA,2024-12-24,2025-12-24,AVAILABLE,PASSED,Shelf-A1,DON_00061
BU-0C641311,HOSP_C,O_POSITIVE,WHOLE_BLOOD,2024-11-29,2025-01-03,AVAILABLE,PASSED,Shelf-B1,DON_00106
BU-E18374CB,HOSP_E,O_POSITIVE,PLASMA,2024-08-30,2025-08-30,AVAILABLE,PASSED,Shelf-C1,DON_00085
BU-B6FB2308,BB_B,B_NEGATIVE,WHOLE_BLOOD,2024-11-26,2024-12-31,USED,PENDING,Shelf-A1,DON_00291
BU-04F4FB52,HOSP_A,B_POSITIVE,WHOLE_BLOOD,2024-12-14,2025-01-18,AVAILABLE,PASSED,Shelf-B1,DON_00288
BU-C0FF3321,HOSP_B,O_POSITIVE,WHOLE_BLOOD,2024-12-27,2025-01-31,AVAILABLE,PASSED,Fridge-2,DON_00108
BU-2551EC64,HOSP_B,AB_POSITIVE,PLATELETS,2024-12-29,2025-01-03,AVAILABLE,PASSED,Shelf-B2,DON_00273
BU-7119BEAA,HOSP_A,O_POSITIVE,PLATELETS,2024-12-28,2025-01-02,AVAILABLE,PENDING,Shelf-B1,DON_00792
BU-92116765,BB_B,B_POSITIVE,RBC,2024-12-10,2025-01-21,AVAILABLE,PENDING,Platelet-Agitator-1,DON_00371
BU-354D7DDA,HOSP_D,A_POSITIVE,WHOLE_BLOOD,2024-12-25,2025-01-29,RESERVED,PASSED,Fridge-3,DON_00213
BU-6C3E39D5,HOSP_C,O_POSITIVE,WHOLE_BLOOD,2024-11-29,2025-01-03,RECEIVED,PASSED,Fridge-2,DON_00770
BU-5D803A44,HOSP_A,O_POSITIVE,PLASMA,2024-06-04,2025-06-04,AVAILABLE,PASSED,Platelet-Agitator-1,DON_00740
BU-F0B1446B,BB_A,A_POSITIVE,WHOLE_BLOOD,2024-12-04,2025-01-08,QUARANTINED,REVIEW_REQUIRED,Shelf-B1,DON_00745
BU-7CD598B0,HOSP_E,O_POSITIVE,PLASMA,2024-02-16,2025-02-15,USED,PASSED,Fridge-3,DON_00648
BU-D81A5D44,HOSP_B,B_POSITIVE,PLASMA,2024-03-07,2025-03-07,USED,PASSED,Shelf-A1,DON_00757
BU-A7DA9A52,HOSP_A,O_POSITIVE,WHOLE_BLOOD,2024-12-10,2025-01-14,DISPATCHED,PASSED,Shelf-A2,DON_00176
BU-D90783A3,HOSP_D,AB_POSITIVE,PLASMA,2024-02-05,2025-02-04,DISPATCHED,PASSED,Shelf-A1,DON_00218
BU-D9725B5F,HOSP_E,A_POSITIVE,PLATELETS,2024-12-27,2025-01-01,QUARANTINED,FAILED,Platelet-Agitator-1,DON_00471
BU-1B1F07ED,BB_B,O_NEGATIVE,RBC,2024-11-27,2025-01-08,AVAILABLE,PASSED,Fridge-2,DON_00532
BU-E49B9966,BB_A,O_POSITIVE,WHOLE_BLOOD,2024-12-05,2025-01-09,DISPATCHED,PENDING,Shelf-A2,DON_00232
BU-DC5F60CE,HOSP_E,A_POSITIVE,PLATELETS,2024-12-29,2025-01-03,AVAILABLE,PASSED,Platelet-Agitator-1,DON_00418
BU-25B759DF,HOSP_D,O_POSITIVE,RBC,2024-11-23,2025-01-04,RESERVED,REVIEW_REQUIRED,Shelf-B1,DON_00295
BU-550F3CD0,BB_A,O_NEGATIVE,RBC,2024-12-01,2025-01-12,USED,PASSED,Shelf-B1,DON_00351
BU-E5F1AA39,HOSP_D,O_POSITIVE,RBC,2024-12-23,2025-02-03,QUARANTINED,FAILED,Fridge-2,DON_00166
BU-FA639798,HOSP_B,O_POSITIVE,RBC,2024-12-10,2025-01-21,RESERVED,PASSED,Shelf-B1,DON_00082
BU-F18D5862,BB_B,B_POSITIVE,WHOLE_BLOOD,2024-12-30,2025-02-03,AVAILABLE,PASSED,Shelf-C1,DON_00700
BU-D1412182,HOSP_E,O_POSITIVE,PLASMA,2024-06-10,2025-06-10,AVAILABLE,REVIEW_REQUIRED,Fridge-2,DON_00080
BU-4DD4F620,HOSP_C,O_NEGATIVE,RBC,2024-11-21,2025-01-02,QUARANTINED,FAILED,Fridge-1,DON_00302
BU-41654EE2,BB_B,A_POSITIVE,PLATELETS,2024-12-30,2025-01-04,DISPATCHED,PASSED,Shelf-A2,DON_00550
BU-D1BF9A96,HOSP_E,O_POSITIVE,WHOLE_BLOOD,2024-12-27,2025-01-31,AVAILABLE,PASSED,Fridge-2,DON_00685
BU-D007B178,HOSP_B,O_POSITIVE,RBC,2024-12-03,2025-01-14,USED,PASSED,Shelf-A1,DON_00665
BU-19820E6C,HOSP_D,A_POSITIVE,RBC,2024-12-12,2025-01-23,RESERVED,PASSED,Shelf-A2,DON_00603
BU-50BDA0D6,HOSP_C,O_POSITIVE,WHOLE_BLOOD,2024-12-28,2025-02-01,RESERVED,FAILED,Platelet-Agitator-1,DON_00301
BU-DB297973,HOSP_E,AB_POSITIVE,PLATELETS,2024-12-26,2024-12-31,AVAILABLE,PASSED,Shelf-B2,DON_00624
BU-50DEE6E7,HOSP_D,A_POSITIVE,RBC,2024-11-29,2025-01-10,RESERVED,PASSED,Shelf-A1,DON_00422
BU-EBBE3F44,HOSP_C,A_POSITIVE,PLASMA,2024-07-31,2025-07-31,RESERVED,REVIEW_REQUIRED,Shelf-A1,DON_00145
BU-2E92B7EE,HOSP_A,O_POSITIVE,RBC,2024-12-13,2025-01-24,QUARANTINED,REVIEW_REQUIRED,Shelf-A1,DON_00012
BU-F8ABD85D,BB_B,A_NEGATIVE,RBC,2024-12-26,2025-02-06,DISPATCHED,PASSED,Fridge-1,DON_00760
BU-9C082B72,HOSP_B,A_POSITIVE,WHOLE_BLOOD,2024-11-27,2025-01-01,EXPIRED,REVIEW_REQUIRED,Shelf-C1,DON_00565
BU-6D69EB29,HOSP_B,O_POSITIVE,PLASMA,2024-03-02,2025-03-02,AVAILABLE,PASSED,Shelf-A2,DON_00065
BU-E89767A3,HOSP_E,A_POSITIVE,WHOLE_BLOOD,2024-12-03,2025-01-07,DISPATCHED,PASSED,Fridge-3,DON_00059
BU-889FC023,BB_A,O_NEGATIVE,RBC,2024-12-10,2025-01-21,DISPATCHED,PASSED,Shelf-B1,DON_00010
BU-D4DCE0D4,HOSP_D,A_POSITIVE,WHOLE_BLOOD,2024-12-25,2025-01-29,USED,PASSED,Shelf-B1,DON_00065
BU-D1107992,BB_A,A_POSITIVE,RBC,2024-12-19,2025-01-30,RESERVED,PASSED,Shelf-A2,DON_00779
BU-5D07F9B5,HOSP_B,AB_NEGATIVE,PLATELETS,2024-12-26,2024-12-31,AVAILABLE,PASSED,Platelet-Agitator-1,DON_00541
BU-90A27279,BB_B,B_POSITIVE,PLASMA,2024-09-09,2025-09-09,AVAILABLE,REVIEW_REQUIRED,Fridge-3,DON_00622
BU-A292DE65,BB_B,A_NEGATIVE,PLASMA,2024-10-01,2025-10-01,DISPATCHED,PASSED,Shelf-C1,DON_00332
BU-6BD55DB1,HOSP_E,A_POSITIVE,PLATELETS,2024-12-30,2025-01-04,QUARANTINED,REVIEW_REQUIRED,Shelf-A1,DON_00761
BU-3131D7B0,BB_B,O_POSITIVE,PLATELETS,2024-12-30,2025-01-04,AVAILABLE,PENDING,Fridge-1,DON_00010
BU-9F306B8D,HOSP_B,A_POSITIVE,RBC,2024-12-17,2025-01-28,USED,PASSED,Fridge-2,DON_00345
BU-2DC0FF47,HOSP_B,A_NEGATIVE,PLATELETS,2024-12-31,2025-01-05,USED,PASSED,Shelf-C1,DON_00312
BU-E2782B26,HOSP_B,O_POSITIVE,WHOLE_BLOOD,2024-12-29,2025-02-02,RESERVED,REVIEW_REQUIRED,Platelet-Agitator-1,DON_00773
BU-66F2E0F9,HOSP_B,O_POSITIVE,WHOLE_BLOOD,2024-12-08,2025-01-12,AVAILABLE,PASSED,Shelf-B2,DON_00683
BU-76200023,BB_B,A_POSITIVE,WHOLE_BLOOD,2024-12-14,2025-01-18,USED,PENDING,Platelet-Agitator-1,DON_00084
BU-7A88F110,HOSP_D,O_POSITIVE,WHOLE_BLOOD,2024-12-11,2025-01-15,DISPATCHED,PASSED,Fridge-1,DON_00066
BU-7F2C70BD,HOSP_C,B_POSITIVE,PLASMA,2024-01-31,2025-01-30,DISPATCHED,PASSED,Shelf-A2,DON_00256
BU-CE750BD4,HOSP_B,A_POSITIVE,RBC,2024-12-05,2025-01-16,USED,PASSED,Shelf-A2,DON_00651
BU-43E3478C,BB_A,O_POSITIVE,PLATELETS,2024-12-26,2024-12-31,AVAILABLE,REVIEW_REQUIRED,Shelf-C1,DON_00613
BU-FEC84A38,HOSP_B,A_POSITIVE,WHOLE_BLOOD,2024-11-27,2025-01-01,EXPIRED,PASSED,Fridge-1,DON_00074
BU-206D02CE,HOSP_E,O_POSITIVE,WHOLE_BLOOD,2024-12-11,2025-01-15,RESERVED,PASSED,Shelf-B2,DON_00626
BU-D725C13C,HOSP_C,B_POSITIVE,PLASMA,2024-05-15,2025-05-15,AVAILABLE,PASSED,Shelf-A1,DON_00591
BU-76CD672B,HOSP_E,B_NEGATIVE,WHOLE_BLOOD,2024-12-15,2025-01-19,AVAILABLE,PENDING,Fridge-1,DON_00148
BU-C3112247,HOSP_A,A_POSITIVE,PLASMA,2024-09-17,2025-09-17,AVAILABLE,FAILED,Shelf-C1,DON_00327
BU-459EED5C,HOSP_D,B_POSITIVE,PLASMA,2024-06-07,2025-06-07,AVAILABLE,PASSED,Platelet-Agitator-1,DON_00202
BU-26BBFB29,HOSP_D,A_POSITIVE,WHOLE_BLOOD,2024-12-19,2025-01-23,DISPATCHED,PENDING,Shelf-C1,DON_00279
BU-9E76086D,BB_A,O_POSITIVE,PLASMA,2024-03-03,2025-03-03,RESERVED,PASSED,Shelf-B1,DON_00497
BU-527F99B2,HOSP_C,A_POSITIVE,RBC,2024-12-29,2025-02-09,USED,PASSED,Platelet-Agitator-1,DON_00562
BU-C61F3689,HOSP_D,O_POSITIVE,WHOLE_BLOOD,2024-12-25,2025-01-29,EXPIRED,PENDING,Platelet-Agitator-1,DON_00210
BU-999CD8EE,HOSP_E,AB_POSITIVE,RBC,2024-12-20,2025-01-31,AVAILABLE,REVIEW_REQUIRED,Shelf-A2,DON_00499
BU-548D706A,BB_B,A_POSITIVE,WHOLE_BLOOD,2024-12-30,2025-02-03,DISPATCHED,PASSED,Shelf-B1,DON_00070
BU-B906EF77,BB_B,B_POSITIVE,RBC,2024-12-29,2025-02-09,AVAILABLE,PENDING,Shelf-B2,DON_00062
BU-B2839949,HOSP_E,O_POSITIVE,RBC,2024-12-25,2025-02-05,DISPATCHED,FAILED,Shelf-A2,DON_00187
BU-1D208ADE,HOSP_B,B_POSITIVE,PLATELETS,2024-12-28,2025-01-02,RECEIVED,PASSED,Shelf-A2,DON_00119
BU-1BBF7BA4,HOSP_A,B_NEGATIVE,RBC,2024-12-29,2025-02-09,EXPIRED,PASSED,Shelf-B1,DON_00145
BU-589C5335,BB_B,B_POSITIVE,WHOLE_BLOOD,2024-12-25,2025-01-29,EXPIRED,PASSED,Fridge-2,DON_00715
BU-DD5B322A,HOSP_B,AB_POSITIVE,WHOLE_BLOOD,2024-12-02,2025-01-06,QUARANTINED,FAILED,Fridge-2,DON_00358
BU-4F8C19FF,BB_A,O_POSITIVE,WHOLE_BLOOD,2024-12-09,2025-01-13,DISPATCHED,PASSED,Shelf-C1,DON_00404
BU-D46265A1,BB_A,A_POSITIVE,PLASMA,2024-04-25,2025-04-25,DISPATCHED,PASSED,Shelf-B2,DON_00557
BU-FFBA282E,HOSP_E,O_NEGATIVE,WHOLE_BLOOD,2024-12-29,2025-02-02,RESERVED,PASSED,Shelf-B2,DON_00510
BU-C80D7093,BB_A,O_POSITIVE,RBC,2024-11-25,2025-01-06,EXPIRED,PENDING,Shelf-A1,DON_00504
BU-EF88109A,HOSP_E,A_NEGATIVE,PLASMA,2024-04-01,2025-04-01,EXPIRED,PENDING,Shelf-B2,DON_00359
BU-D5CE52CE,HOSP_A,A_POSITIVE,WHOLE_BLOOD,2024-12-15,2025-01-19,EXPIRED,PASSED,Shelf-A2,DON_00278
BU-3D56165B,HOSP_C,A_POSITIVE,PLASMA,2024-06-22,2025-06-22,USED,PASSED,Shelf-B2,DON_00685
BU-AEC545F8,HOSP_C,A_POSITIVE,PLASMA,2024-07-23,2025-07-23,DISPATCHED,PASSED,Shelf-C1,DON_00242
BU-9CAF4089,BB_A,A_NEGATIVE,PLASMA,2024-01-08,2025-01-07,DISPATCHED,PENDING,Fridge-1,DON_00343
BU-4EA4E230,BB_A,O_POSITIVE,WHOLE_BLOOD,2024-12-26,2025-01-30,QUARANTINED,FAILED,Fridge-3,DON_00045
BU-B1731F63,HOSP_D,A_POSITIVE,PLASMA,2024-01-23,2025-01-22,AVAILABLE,PASSED,Fridge-3,DON_00551
BU-254827A4,HOSP_D,O_NEGATIVE,WHOLE_BLOOD,2024-11-27,2025-01-01,USED,PASSED,Shelf-A2,DON_00628
BU-006A9975,BB_B,O_POSITIVE,PLATELETS,2024-12-30,2025-01-04,DISPATCHED,PASSED,Fridge-1,DON_00040
BU-BD6B504C,BB_A,A_POSITIVE,WHOLE_BLOOD,2024-12-28,2025-02-01,AVAILABLE,PENDING,Shelf-C1,DON_00719
BU-655C35FC,BB_A,A_POSITIVE,RBC,2024-12-23,2025-02-03,DISPATCHED,PASSED,Shelf-A2,DON_00682
BU-8519C9E0,BB_A,A_NEGATIVE,PLASMA,2024-12-27,2025-12-27,EXPIRED,PASSED,Fridge-1,DON_00733
BU-867A08E7,HOSP_D,A_NEGATIVE,RBC,2024-11-28,2025-01-09,DISPATCHED,REVIEW_REQUIRED,Platelet-Agitator-1,DON_00468
BU-EBA84B92,BB_A,O_POSITIVE,PLASMA,2024-02-20,2025-02-19,AVAILABLE,PASSED,Shelf-B2,DON_00530
BU-8CA457AB,HOSP_D,A_POSITIVE,WHOLE_BLOOD,2024-12-04,2025-01-08,RESERVED,REVIEW_REQUIRED,Fridge-2,DON_00418
BU-F5EEA899,HOSP_D,B_POSITIVE,RBC,2024-12-25,2025-02-05,RECEIVED,PASSED,Fridge-1,DON_00699
BU-4D1EAFC5,HOSP_C,A_NEGATIVE,WHOLE_BLOOD,2024-11-29,2025-01-03,AVAILABLE,PENDING,Fridge-3,DON_00144
BU-A55F4B8F,BB_A,O_POSITIVE,PLASMA,2024-04-27,2025-04-27,AVAILABLE,PASSED,Fridge-2,DON_00270
BU-18BAA158,BB_B,A_POSITIVE,PLASMA,2024-04-23,2025-04-23,QUARANTINED,REVIEW_REQUIRED,Fridge-2,DON_00327
BU-DC4489FE,BB_A,A_POSITIVE,WHOLE_BLOOD,2024-12-17,2025-01-21,QUARANTINED,REVIEW_REQUIRED,Fridge-3,DON_00708
BU-D0252DC9,HOSP_E,B_POSITIVE,PLATELETS,2024-12-26,2024-12-31,AVAILABLE,PENDING,Shelf-A1,DON_00539
BU-584CABAC,BB_B,O_NEGATIVE,WHOLE_BLOOD,2024-12-15,2025-01-19,EXPIRED,PASSED,Platelet-Agitator-1,DON_00102
BU-06D43678,HOSP_B,O_POSITIVE,RBC,2024-12-03,2025-01-14,AVAILABLE,FAILED,Shelf-A2,DON_00338
BU-19BA9F36,HOSP_B,O_POSITIVE,PLASMA,2024-07-25,2025-07-25,RECEIVED,PENDING,Shelf-A1,DON_00005
BU-7C433D94,HOSP_B,O_POSITIVE,PLASMA,2024-09-16,2025-09-16,USED,FAILED,Fridge-3,DON_00513
BU-4ABB09A3,HOSP_D,A_POSITIVE,WHOLE_BLOOD,2024-12-28,2025-02-01,RECEIVED,PASSED,Fridge-1,DON_00371
BU-3BD6245A,HOSP_C,O_POSITIVE,PLATELETS,2024-12-29,2025-01-03,AVAILABLE,REVIEW_REQUIRED,Fridge-3,DON_00628
BU-55391DBD,BB_A,O_POSITIVE,WHOLE_BLOOD,2024-11-27,2025-01-01,AVAILABLE,PENDING,Shelf-A2,DON_00586
BU-C5C6553F,HOSP_A,B_POSITIVE,RBC,2024-12-09,2025-01-20,RECEIVED,FAILED,Shelf-A2,DON_00507
BU-B7C1F629,HOSP_E,A_NEGATIVE,PLATELETS,2024-12-29,2025-01-03,EXPIRED,PASSED,Shelf-B1,DON_00723
BU-8E556EAA,BB_B,AB_POSITIVE,RBC,2024-12-19,2025-01-30,RECEIVED,FAILED,Shelf-C1,DON_00695
BU-F8E9BF00,HOSP_A,B_POSITIVE,PLASMA,2024-04-29,2025-04-29,RECEIVED,REVIEW_REQUIRED,Shelf-A2,DON_00458
BU-4C300F62,HOSP_B,A_POSITIVE,PLATELETS,2024-12-29,2025-01-03,DISPATCHED,PASSED,Shelf-A1,DON_00370
BU-A46AEEF1,HOSP_C,A_POSITIVE,PLATELETS,2024-12-27,2025-01-01,AVAILABLE,PASSED,Platelet-Agitator-1,DON_00101
BU-AC6EFB45,BB_A,O_POSITIVE,PLASMA,2024-09-30,2025-09-30,AVAILABLE,FAILED,Shelf-B1,DON_00119
BU-FA4C0A33,HOSP_C,A_POSITIVE,RBC,2024-11-19,2024-12-31,RECEIVED,PASSED,Fridge-2,DON_00707
BU-96ADB254,HOSP_B,O_POSITIVE,PLATELETS,2024-12-27,2025-01-01,USED,PASSED,Shelf-B2,DON_00367
BU-A407DE6E,HOSP_B,A_POSITIVE,WHOLE_BLOOD,2024-12-02,2025-01-06,AVAILABLE,PASSED,Fridge-1,DON_00384
BU-9B7D6587,BB_B,O_POSITIVE,PLATELETS,2024-12-31,2025-01-05,AVAILABLE,FAILED,Fridge-2,DON_00798
BU-CD23EF31,HOSP_A,A_POSITIVE,RBC,2024-12-27,2025-02-07,USED,REVIEW_REQUIRED,Shelf-B1,DON_00095
BU-2411C434,BB_A,O_POSITIVE,RBC,2024-11-20,2025-01-01,QUARANTINED,REVIEW_REQUIRED,Shelf-A1,DON_00463
BU-9D7E2B7A,HOSP_E,B_NEGATIVE,RBC,2024-11-28,2025-01-09,AVAILABLE,PENDING,Shelf-B2,DON_00537
BU-8156D5CA,BB_B,A_POSITIVE,RBC,2024-12-17,2025-01-28,EXPIRED,REVIEW_REQUIRED,Fridge-2,DON_00189
BU-E5CBAC40,HOSP_B,O_POSITIVE,PLASMA,2024-02-14,2025-02-13,RECEIVED,PASSED,Shelf-C1,DON_00481
BU-80E51418,HOSP_A,O_POSITIVE,RBC,2024-12-07,2025-01-18,AVAILABLE,PASSED,Shelf-B1,DON_00598
BU-FCADFD5D,HOSP_B,O_NEGATIVE,PLASMA,2024-09-30,2025-09-30,AVAILABLE,PENDING,Shelf-A2,DON_00572
BU-13D5DAE4,HOSP_C,O_POSITIVE,PLATELETS,2024-12-27,2025-01-01,EXPIRED,PENDING,Shelf-B1,DON_00454
BU-D25345CB,HOSP_E,A_POSITIVE,RBC,2024-12-14,2025-01-25,RECEIVED,FAILED,Fridge-3,DON_00215
BU-1F8DBD9F,BB_A,O_POSITIVE,PLASMA,2024-05-16,2025-05-16,RECEIVED,PASSED,Shelf-A2,DON_00505
BU-9B41DE1E,HOSP_A,B_POSITIVE,PLATELETS,2024-12-30,2025-01-04,RESERVED,FAILED,Shelf-A1,DON_00129
BU-2B21B4AA,HOSP_B,O_POSITIVE,PLATELETS,2024-12-31,2025-01-05,RESERVED,PASSED,Fridge-1,DON_00597
BU-82C0C2A4,BB_B,O_POSITIVE,PLASMA,2024-02-12,2025-02-11,USED,PASSED,Platelet-Agitator-1,DON_00752
BU-2F13D622,HOSP_B,B_POSITIVE,RBC,2024-12-24,2025-02-04,EXPIRED,PENDING,Fridge-1,DON_00405
BU-C76D9927,HOSP_B,O_POSITIVE,WHOLE_BLOOD,2024-12-28,2025-02-01,AVAILABLE,PASSED,Fridge-2,DON_00405
BU-2675F906,BB_B,O_POSITIVE,WHOLE_BLOOD,2024-12-25,2025-01-29,RESERVED,PASSED,Shelf-A2,DON_00200
BU-E33C0A19,HOSP_D,A_NEGATIVE,PLATELETS,2024-12-26,2024-12-31,AVAILABLE,PENDING,Shelf-A1,DON_00544
BU-5DB7AC28,HOSP_A,A_POSITIVE,WHOLE_BLOOD,2024-12-11,2025-01-15,EXPIRED,PASSED,Shelf-A1,DON_00436
BU-37CF8AA0,BB_B,B_POSITIVE,PLATELETS,2024-12-27,2025-01-01,EXPIRED,PENDING,Shelf-B2,DON_00739
BU-684ABDEB,HOSP_E,O_POSITIVE,RBC,2024-11-20,2025-01-01,AVAILABLE,REVIEW_REQUIRED,Shelf-B2,DON_00360
BU-25BC8C4D,HOSP_D,O_POSITIVE,WHOLE_BLOOD,2024-11-26,2024-12-31,DISPATCHED,PASSED,Shelf-C1,DON_00588
BU-5207E6A6,HOSP_B,O_POSITIVE,PLATELETS,2024-12-28,2025-01-02,AVAILABLE,REVIEW_REQUIRED,Shelf-A1,DON_00680
BU-AEAB2A06,BB_A,A_POSITIVE,RBC,2024-12-16,2025-01-27,DISPATCHED,PASSED,Shelf-B2,DON_00698
BU-97A9A929,BB_B,O_POSITIVE,WHOLE_BLOOD,2024-12-23,2025-01-27,USED,FAILED,Fridge-1,DON_00585
BU-A0B14F3C,HOSP_B,O_POSITIVE,PLASMA,2024-04-15,2025-04-15,AVAILABLE,REVIEW_REQUIRED,Shelf-C1,DON_00206
BU-DC05870F,BB_B,O_POSITIVE,RBC,2024-12-29,2025-02-09,USED,FAILED,Fridge-3,DON_00015
BU-010D6714,HOSP_D,O_POSITIVE,PLATELETS,2024-12-29,2025-01-03,RESERVED,REVIEW_REQUIRED,Shelf-B2,DON_00115
BU-BD15D7EB,HOSP_A,O_POSITIVE,PLATELETS,2024-12-27,2025-01-01,AVAILABLE,FAILED,Fridge-1,DON_00306
BU-36BB5273,HOSP_E,AB_POSITIVE,PLASMA,2024-04-11,2025-04-11,RECEIVED,PENDING,Platelet-Agitator-1,DON_00410
BU-92348E94,HOSP_D,A_POSITIVE,WHOLE_BLOOD,2024-12-11,2025-01-15,EXPIRED,FAILED,Fridge-2,DON_00209
BU-6533D433,HOSP_C,O_POSITIVE,PLASMA,2024-10-08,2025-10-08,QUARANTINED,REVIEW_REQUIRED,Shelf-A2,DON_00069
BU-32693D8A,HOSP_A,O_POSITIVE,RBC,2024-12-11,2025-01-22,QUARANTINED,FAILED,Shelf-C1,DON_00647
BU-47D01881,HOSP_D,O_POSITIVE,PLASMA,2024-09-16,2025-09-16,RECEIVED,PASSED,Shelf-B1,DON_00336
BU-5CE3BDF9,HOSP_A,B_POSITIVE,PLATELETS,2024-12-31,2025-01-05,AVAILABLE,FAILED,Shelf-B1,DON_00641
BU-9895E157,HOSP_A,A_POSITIVE,PLASMA,2024-09-06,2025-09-06,RECEIVED,PASSED,Platelet-Agitator-1,DON_00597
BU-3BC993DE,BB_B,O_POSITIVE,PLASMA,2024-03-08,2025-03-08,USED,PASSED,Fridge-2,DON_00551
BU-E20A4FBF,HOSP_E,A_POSITIVE,PLASMA,2024-05-08,2025-05-08,RECEIVED,PASSED,Fridge-2,DON_00700
BU-F22BC4CC,HOSP_B,B_POSITIVE,PLASMA,2024-12-09,2025-12-09,USED,PASSED,Platelet-Agitator-1,DON_00262
BU-BBDE12F6,HOSP_D,A_POSITIVE,RBC,2024-12-18,2025-01-29,EXPIRED,PASSED,Shelf-B2,DON_00059
BU-99AAEC38,BB_A,O_POSITIVE,WHOLE_BLOOD,2024-11-30,2025-01-04,AVAILABLE,PENDING,Fridge-3,DON_00326
BU-00A47C7E,HOSP_C,O_POSITIVE,PLASMA,2024-07-17,2025-07-17,DISPATCHED,PENDING,Shelf-A2,DON_00365
BU-4C3ED2C6,BB_B,B_POSITIVE,RBC,2024-12-06,2025-01-17,RESERVED,REVIEW_REQUIRED,Shelf-C1,DON_00464
BU-B59938B6,BB_B,A_POSITIVE,RBC,2024-12-24,2025-02-04,AVAILABLE,FAILED,Fridge-2,DON_00190
BU-26AEE218,HOSP_D,O_NEGATIVE,PLASMA,2024-12-08,2025-12-08,AVAILABLE,PASSED,Shelf-B1,DON_00633
BU-CB5DF521,HOSP_D,B_POSITIVE,RBC,2024-11-26,2025-01-07,USED,FAILED,Shelf-B2,DON_00627
BU-05407CEE,HOSP_A,O_POSITIVE,WHOLE_BLOOD,2024-12-29,2025-02-02,QUARANTINED,REVIEW_REQUIRED,Platelet-Agitator-1,DON_00582
BU-B77D5BFE,HOSP_C,O_NEGATIVE,WHOLE_BLOOD,2024-12-23,2025-01-27,EXPIRED,PASSED,Platelet-Agitator-1,DON_00081
BU-C36634A4,HOSP_B,B_POSITIVE,WHOLE_BLOOD,2024-12-17,2025-01-21,QUARANTINED,FAILED,Fridge-1,DON_00705
BU-E05C2F9C,HOSP_B,O_POSITIVE,WHOLE_BLOOD,2024-12-01,2025-01-05,QUARANTINED,REVIEW_REQUIRED,Fridge-3,DON_00191
BU-A8AA0334,BB_A,O_POSITIVE,PLASMA,2024-07-18,2025-07-18,AVAILABLE,PASSED,Shelf-A2,DON_00732
BU-32CDE95F,HOSP_E,O_POSITIVE,PLASMA,2024-10-30,2025-10-30,EXPIRED,PASSED,Shelf-B1,DON_00490
BU-B77D238B,HOSP_D,A_POSITIVE,RBC,2024-12-24,2025-02-04,RESERVED,PASSED,Shelf-B2,DON_00098
BU-46C9CD7E,HOSP_B,A_NEGATIVE,PLATELETS,2024-12-27,2025-01-01,RECEIVED,PASSED,Shelf-C1,DON_00092
BU-766A68D7,HOSP_C,A_POSITIVE,PLATELETS,2024-12-28,2025-01-02,RESERVED,PASSED,Shelf-B2,DON_00527
BU-23388CAF,HOSP_E,A_POSITIVE,RBC,2024-11-22,2025-01-03,QUARANTINED,REVIEW_REQUIRED,Shelf-B2,DON_00106
BU-9146657A,BB_A,A_POSITIVE,WHOLE_BLOOD,2024-12-13,2025-01-17,RESERVED,PENDING,Shelf-B2,DON_00307
BU-C790E7A9,BB_B,O_POSITIVE,PLATELETS,2024-12-31,2025-01-05,RESERVED,PASSED,Fridge-2,DON_00443
BU-EF6DE110,HOSP_E,O_POSITIVE,WHOLE_BLOOD,2024-12-28,2025-02-01,RECEIVED,PASSED,Fridge-1,DON_00318
BU-F378063B,BB_A,O_POSITIVE,PLATELETS,2024-12-29,2025-01-03,RESERVED,PASSED,Fridge-2,DON_00733
BU-B15F85C0,BB_A,A_POSITIVE,PLATELETS,2024-12-27,2025-01-01,AVAILABLE,REVIEW_REQUIRED,Shelf-A2,DON_00742
BU-4AF02893,BB_A,A_NEGATIVE,RBC,2024-12-26,2025-02-06,USED,PASSED,Shelf-B1,DON_00666
BU-531BACF0,HOSP_E,A_POSITIVE,PLATELETS,2024-12-26,2024-12-31,EXPIRED,PASSED,Shelf-B1,DON_00181
BU-0F7EC7CD,BB_B,O_NEGATIVE,PLATELETS,2024-12-27,2025-01-01,DISPATCHED,PENDING,Fridge-1,DON_00238
BU-2AF54BC4,HOSP_D,B_NEGATIVE,WHOLE_BLOOD,2024-12-14,2025-01-18,EXPIRED,PASSED,Shelf-A2,DON_00052
BU-711CC81E,HOSP_C,AB_NEGATIVE,PLATELETS,2024-12-30,2025-01-04,EXPIRED,PENDING,Fridge-2,DON_00068
BU-E85C270E,HOSP_D,A_POSITIVE,PLASMA,2024-09-29,2025-09-29,DISPATCHED,FAILED,Fridge-2,DON_00481
BU-32796D03,HOSP_A,O_POSITIVE,WHOLE_BLOOD,2024-12-14,2025-01-18,QUARANTINED,REVIEW_REQUIRED,Shelf-A1,DON_00072
BU-B79A71AB,HOSP_D,A_NEGATIVE,RBC,2024-12-21,2025-02-01,AVAILABLE,PASSED,Fridge-2,DON_00212
BU-5D5F195E,HOSP_B,O_POSITIVE,WHOLE_BLOOD,2024-12-07,2025-01-11,AVAILABLE,PASSED,Shelf-B1,DON_00438
BU-98E05FB0,HOSP_C,A_POSITIVE,RBC,2024-11-28,2025-01-09,AVAILABLE,PENDING,Shelf-A1,DON_00693
BU-60EA3D1D,HOSP_A,O_POSITIVE,PLATELETS,2024-12-30,2025-01-04,AVAILABLE,PASSED,Platelet-Agitator-1,DON_00139
BU-7E47F4C9,HOSP_E,B_POSITIVE,RBC,2024-12-29,2025-02-09,RECEIVED,FAILED,Shelf-B1,DON_00014
BU-00A27E25,HOSP_A,B_POSITIVE,PLASMA,2024-07-02,2025-07-02,AVAILABLE,PASSED,Fridge-2,DON_00520
BU-86D88E4C,HOSP_D,O_POSITIVE,RBC,2024-12-21,2025-02-01,EXPIRED,PASSED,Shelf-A1,DON_00450
BU-DF4A8F30,HOSP_E,O_POSITIVE,WHOLE_BLOOD,2024-12-23,2025-01-27,RESERVED,REVIEW_REQUIRED,Shelf-A2,DON_00141
BU-65EF259B,HOSP_D,A_POSITIVE,PLASMA,2024-09-14,2025-09-14,RECEIVED,REVIEW_REQUIRED,Fridge-1,DON_00549
BU-FBE2DAB5,HOSP_B,A_POSITIVE,PLATELETS,2024-12-30,2025-01-04,AVAILABLE,PASSED,Shelf-A2,DON_00132
BU-D91E6E8B,BB_A,O_POSITIVE,WHOLE_BLOOD,2024-12-21,2025-01-25,AVAILABLE,FAILED,Fridge-3,DON_00735
BU-961662F1,HOSP_A,B_POSITIVE,WHOLE_BLOOD,2024-12-01,2025-01-05,AVAILABLE,PASSED,Fridge-3,DON_00721
BU-E8449999,HOSP_C,O_POSITIVE,PLASMA,2024-01-08,2025-01-07,AVAILABLE,REVIEW_REQUIRED,Shelf-A2,DON_00290
BU-60DCC5E3,HOSP_D,B_NEGATIVE,WHOLE_BLOOD,2024-12-24,2025-01-28,AVAILABLE,PASSED,Shelf-A2,DON_00763
BU-3323C0C7,HOSP_A,O_POSITIVE,PLATELETS,2024-12-31,2025-01-05,AVAILABLE,PASSED,Shelf-A1,DON_00573
BU-9041C84A,HOSP_E,O_POSITIVE,RBC,2024-12-23,2025-02-03,AVAILABLE,REVIEW_REQUIRED,Platelet-Agitator-1,DON_00258
BU-31236054,HOSP_A,AB_NEGATIVE,PLASMA,2024-12-18,2025-12-18,USED,REVIEW_REQUIRED,Fridge-2,DON_00739
BU-85B30651,HOSP_A,O_POSITIVE,PLATELETS,2024-12-30,2025-01-04,AVAILABLE,FAILED,Shelf-B1,DON_00741
BU-A55DE281,BB_B,B_POSITIVE,RBC,2024-12-17,2025-01-28,RECEIVED,PASSED,Shelf-B1,DON_00016
BU-B5A7DD39,BB_A,A_POSITIVE,PLASMA,2024-01-27,2025-01-26,AVAILABLE,REVIEW_REQUIRED,Shelf-A1,DON_00001
BU-6CB5BA85,HOSP_A,A_POSITIVE,PLATELETS,2024-12-29,2025-01-03,AVAILABLE,FAILED,Shelf-B2,DON_00726
BU-9F032D6B,BB_B,O_POSITIVE,RBC,2024-12-08,2025-01-19,DISPATCHED,PASSED,Shelf-B1,DON_00272
BU-F18A17F1,BB_A,O_POSITIVE,PLASMA,2024-06-15,2025-06-15,AVAILABLE,PASSED,Shelf-B1,DON_00340
BU-5267E7CD,HOSP_A,O_POSITIVE,RBC,2024-11-29,2025-01-10,RESERVED,FAILED,Shelf-B2,DON_00204
BU-EE62D32A,HOSP_B,O_POSITIVE,PLATELETS,2024-12-30,2025-01-04,RESERVED,PENDING,Platelet-Agitator-1,DON_00722
BU-BBD0F537,HOSP_E,O_NEGATIVE,PLASMA,2024-06-27,2025-06-27,RESERVED,PASSED,Fridge-1,DON_00118
BU-B87BB2D5,HOSP_D,O_POSITIVE,PLASMA,2024-02-16,2025-02-15,AVAILABLE,PASSED,Fridge-3,DON_00453
BU-D18897ED,BB_B,O_POSITIVE,RBC,2024-11-20,2025-01-01,AVAILABLE,FAILED,Shelf-B2,DON_00699
BU-FD5171EC,HOSP_B,A_POSITIVE,PLATELETS,2024-12-26,2024-12-31,AVAILABLE,PASSED,Fridge-3,DON_00039
BU-06271C9E,HOSP_C,O_NEGATIVE,PLATELETS,2024-12-28,2025-01-02,AVAILABLE,PASSED,Shelf-B2,DON_00357
BU-9D310190,BB_B,B_POSITIVE,PLASMA,2024-09-07,2025-09-07,QUARANTINED,FAILED,Fridge-2,DON_00319
BU-A595B98B,HOSP_B,O_POSITIVE,PLATELETS,2024-12-30,2025-01-04,EXPIRED,PASSED,Shelf-B1,DON_00488
BU-E4343D13,HOSP_B,O_NEGATIVE,PLATELETS,2024-12-29,2025-01-03,AVAILABLE,PASSED,Shelf-C1,DON_00601
BU-0F6318A7,HOSP_E,O_POSITIVE,RBC,2024-12-12,2025-01-23,DISPATCHED,REVIEW_REQUIRED,Fridge-2,DON_00219
BU-6C6AA48C,HOSP_B,A_POSITIVE,PLASMA,2024-10-09,2025-10-09,RESERVED,PASSED,Fridge-1,DON_00453
BU-015182E1,HOSP_C,O_POSITIVE,RBC,2024-12-10,2025-01-21,USED,PENDING,Shelf-A2,DON_00089
BU-0E55E8B0,BB_A,A_POSITIVE,PLATELETS,2024-12-29,2025-01-03,DISPATCHED,PASSED,Shelf-A1,DON_00516
BU-9AD2AD09,BB_B,O_POSITIVE,RBC,2024-12-08,2025-01-19,EXPIRED,PASSED,Shelf-B2,DON_00661
BU-403C28C2,HOSP_E,A_POSITIVE,PLATELETS,2024-12-31,2025-01-05,DISPATCHED,PASSED,Shelf-C1,DON_00092
BU-B57FF133,BB_B,O_POSITIVE,RBC,2024-11-29,2025-01-10,AVAILABLE,PASSED,Shelf-B1,DON_00629
BU-EB2B4984,HOSP_A,A_POSITIVE,WHOLE_BLOOD,2024-12-01,2025-01-05,AVAILABLE,PASSED,Shelf-A2,DON_00640
BU-612B4699,HOSP_C,O_NEGATIVE,RBC,2024-11-24,2025-01-05,RECEIVED,PASSED,Platelet-Agitator-1,DON_00705
BU-A6D8ED10,BB_A,O_POSITIVE,RBC,2024-12-15,2025-01-26,EXPIRED,PASSED,Shelf-B2,DON_00773
BU-05DF7C76,HOSP_C,A_POSITIVE,PLATELETS,2024-12-28,2025-01-02,RECEIVED,PASSED,Fridge-3,DON_00618
BU-0BE88B1E,BB_A,A_NEGATIVE,PLATELETS,2024-12-29,2025-01-03,AVAILABLE,PASSED,Shelf-B1,DON_00467
BU-E0C07BB0,BB_A,O_NEGATIVE,PLATELETS,2024-12-26,2024-12-31,RECEIVED,PASSED,Fridge-3,DON_00614
BU-72BE4AE6,HOSP_C,O_POSITIVE,RBC,2024-11-24,2025-01-05,AVAILABLE,PASSED,Fridge-2,DON_00379
BU-3B7D9385,HOSP_D,O_POSITIVE,RBC,2024-12-29,2025-02-09,AVAILABLE,REVIEW_REQUIRED,Shelf-B2,DON_00743
BU-3101E671,HOSP_C,A_POSITIVE,PLATELETS,2024-12-30,2025-01-04,RESERVED,PASSED,Platelet-Agitator-1,DON_00698
BU-7BAA3E93,HOSP_A,O_POSITIVE,RBC,2024-12-02,2025-01-13,RESERVED,PASSED,Shelf-A2,DON_00120
BU-A1A0A160,HOSP_C,A_POSITIVE,RBC,2024-12-19,2025-01-30,EXPIRED,PASSED,Platelet-Agitator-1,DON_00132
BU-9D788E0E,HOSP_E,A_NEGATIVE,RBC,2024-12-11,2025-01-22,AVAILABLE,PASSED,Shelf-A1,DON_00425
BU-923085B1,HOSP_E,O_POSITIVE,RBC,2024-12-19,2025-01-30,RESERVED,REVIEW_REQUIRED,Shelf-A2,DON_00771
BU-7F807413,HOSP_A,AB_POSITIVE,RBC,2024-12-29,2025-02-09,AVAILABLE,PASSED,Platelet-Agitator-1,DON_00532
BU-5FA0A782,HOSP_B,O_POSITIVE,WHOLE_BLOOD,2024-12-01,2025-01-05,DISPATCHED,PENDING,Fridge-1,DON_00080
BU-075749FC,HOSP_C,O_NEGATIVE,WHOLE_BLOOD,2024-12-12,2025-01-16,USED,PASSED,Shelf-B2,DON_00761
BU-3B088B39,HOSP_D,AB_NEGATIVE,WHOLE_BLOOD,2024-12-22,2025-01-26,QUARANTINED,REVIEW_REQUIRED,Shelf-A1,DON_00595
BU-D1323AF3,BB_A,B_POSITIVE,PLASMA,2024-03-26,2025-03-26,RECEIVED,PASSED,Platelet-Agitator-1,DON_00234
BU-2E076DD5,HOSP_A,O_POSITIVE,PLATELETS,2024-12-30,2025-01-04,AVAILABLE,PASSED,Shelf-A2,DON_00033
BU-FC448831,HOSP_C,A_POSITIVE,PLATELETS,2024-12-28,2025-01-02,AVAILABLE,PASSED,Fridge-1,DON_00055
BU-1D5C2BA9,HOSP_B,O_POSITIVE,WHOLE_BLOOD,2024-12-06,2025-01-10,EXPIRED,PASSED,Fridge-3,DON_00271
BU-8B92E3E4,HOSP_E,A_POSITIVE,RBC,2024-12-23,2025-02-03,USED,PASSED,Shelf-A1,DON_00281
BU-7B0868D7,BB_A,O_POSITIVE,RBC,2024-12-03,2025-01-14,AVAILABLE,PASSED,Shelf-C1,DON_00579
BU-F494C4DD,HOSP_B,O_POSITIVE,PLASMA,2024-12-17,2025-12-17,QUARANTINED,REVIEW_REQUIRED,Fridge-2,DON_00364
BU-FD29CC84,HOSP_D,O_POSITIVE,PLASMA,2024-08-20,2025-08-20,RECEIVED,PENDING,Fridge-1,DON_00412
BU-ED7C9E56,HOSP_C,A_POSITIVE,PLATELETS,2024-12-28,2025-01-02,RECEIVED,PASSED,Fridge-1,DON_00121
BU-E64B9840,HOSP_B,O_POSITIVE,WHOLE_BLOOD,2024-12-17,2025-01-21,EXPIRED,FAILED,Shelf-C1,DON_00760
BU-8C44B2AA,HOSP_E,B_NEGATIVE,PLATELETS,2024-12-31,2025-01-05,USED,PASSED,Shelf-A2,DON_00532
BU-56445A40,HOSP_E,AB_POSITIVE,RBC,2024-12-10,2025-01-21,DISPATCHED,PASSED,Shelf-A1,DON_00369
BU-81016659,HOSP_A,O_POSITIVE,WHOLE_BLOOD,2024-11-28,2025-01-02,RESERVED,REVIEW_REQUIRED,Shelf-A2,DON_00708
BU-BECA0E56,BB_A,A_POSITIVE,PLASMA,2024-08-16,2025-08-16,AVAILABLE,PASSED,Fridge-3,DON_00543
BU-7F761144,HOSP_B,O_POSITIVE,PLASMA,2024-05-05,2025-05-05,AVAILABLE,FAILED,Fridge-2,DON_00694
BU-327C96B2,HOSP_D,A_POSITIVE,PLATELETS,2024-12-27,2025-01-01,EXPIRED,REVIEW_REQUIRED,Shelf-A1,DON_00568
BU-526A55B2,BB_B,A_POSITIVE,RBC,2024-12-17,2025-01-28,AVAILABLE,PENDING,Fridge-2,DON_00256
BU-02743211,HOSP_D,AB_POSITIVE,PLASMA,2024-07-26,2025-07-26,USED,PENDING,Shelf-C1,DON_00125
BU-1D4A88AD,HOSP_E,A_POSITIVE,PLATELETS,2024-12-31,2025-01-05,AVAILABLE,PENDING,Shelf-A2,DON_00736
BU-77E03EA0,HOSP_A,A_POSITIVE,PLASMA,2024-12-09,2025-12-09,QUARANTINED,REVIEW_REQUIRED,Shelf-B2,DON_00408
BU-8DD7E132,HOSP_D,A_POSITIVE,RBC,2024-11-30,2025-01-11,AVAILABLE,PASSED,Fridge-1,DON_00003
BU-DF56A2B2,BB_B,B_NEGATIVE,PLATELETS,2024-12-27,2025-01-01,RECEIVED,FAILED,Shelf-B1,DON_00632
BU-62720107,BB_A,O_POSITIVE,PLATELETS,2024-12-27,2025-01-01,DISPATCHED,REVIEW_REQUIRED,Shelf-A2,DON_00267
BU-9BC61366,BB_B,A_POSITIVE,RBC,2024-11-25,2025-01-06,AVAILABLE,PASSED,Platelet-Agitator-1,DON_00469
BU-36DC2C29,HOSP_E,A_POSITIVE,PLATELETS,2024-12-27,2025-01-01,AVAILABLE,REVIEW_REQUIRED,Shelf-A2,DON_00630
BU-EAE6EECA,HOSP_E,O_POSITIVE,PLATELETS,2024-12-27,2025-01-01,USED,PASSED,Shelf-C1,DON_00447
BU-DA6255C8,HOSP_A,O_POSITIVE,WHOLE_BLOOD,2024-12-19,2025-01-23,QUARANTINED,FAILED,Shelf-B2,DON_00452
BU-C184A51F,HOSP_A,B_NEGATIVE,PLASMA,2024-06-17,2025-06-17,USED,PASSED,Fridge-1,DON_00038
BU-F6E60B68,HOSP_C,AB_NEGATIVE,RBC,2024-12-08,2025-01-19,QUARANTINED,REVIEW_REQUIRED,Shelf-C1,DON_00390
BU-5B055E59,HOSP_A,A_POSITIVE,PLASMA,2024-03-10,2025-03-10,AVAILABLE,REVIEW_REQUIRED,Shelf-B2,DON_00405
BU-D18F9FDF,HOSP_B,AB_POSITIVE,WHOLE_BLOOD,2024-11-26,2024-12-31,EXPIRED,PASSED,Fridge-3,DON_00498
BU-37B6F993,HOSP_E,A_POSITIVE,PLASMA,2024-02-27,2025-02-26,USED,FAILED,Shelf-B2,DON_00044
BU-0BD9A10B,BB_A,O_POSITIVE,WHOLE_BLOOD,2024-12-14,2025-01-18,AVAILABLE,PASSED,Shelf-B2,DON_00182
BU-27D25C4E,HOSP_D,B_POSITIVE,PLASMA,2024-03-14,2025-03-14,RESERVED,PENDING,Shelf-A2,DON_00148
BU-2486E63B,HOSP_D,B_NEGATIVE,PLATELETS,2024-12-29,2025-01-03,AVAILABLE,PENDING,Fridge-2,DON_00645
BU-78539166,BB_A,A_POSITIVE,RBC,2024-11-21,2025-01-02,DISPATCHED,REVIEW_REQUIRED,Shelf-A2,DON_00016
BU-EE5D20FB,HOSP_D,A_POSITIVE,PLATELETS,2024-12-26,2024-12-31,RECEIVED,PASSED,Shelf-C1,DON_00724
BU-708A2E71,HOSP_D,O_NEGATIVE,PLASMA,2024-03-30,2025-03-30,RECEIVED,PASSED,Shelf-C1,DON_00483
BU-6123F0D7,HOSP_D,A_POSITIVE,RBC,2024-12-13,2025-01-24,AVAILABLE,PENDING,Shelf-B2,DON_00524
BU-2E4D3036,HOSP_A,A_POSITIVE,RBC,2024-12-31,2025-02-11,RESERVED,PASSED,Shelf-C1,DON_00368
BU-93B367E1,HOSP_D,A_NEGATIVE,WHOLE_BLOOD,2024-12-15,2025-01-19,USED,PASSED,Shelf-A2,DON_00718
BU-281A53B0,HOSP_E,O_POSITIVE,WHOLE_BLOOD,2024-12-25,2025-01-29,AVAILABLE,REVIEW_REQUIRED,Shelf-A1,DON_00064
BU-D9C1B8D1,BB_B,A_POSITIVE,WHOLE_BLOOD,2024-12-23,2025-01-27,DISPATCHED,PASSED,Shelf-B1,DON_00117
BU-8B124E39,HOSP_E,A_NEGATIVE,WHOLE_BLOOD,2024-12-17,2025-01-21,QUARANTINED,REVIEW_REQUIRED,Fridge-1,DON_00698
BU-E7081DEB,HOSP_C,O_POSITIVE,RBC,2024-11-20,2025-01-01,AVAILABLE,PASSED,Fridge-3,DON_00629
BU-F8996FEF,BB_B,A_POSITIVE,PLASMA,2024-10-14,2025-10-14,EXPIRED,PASSED,Fridge-2,DON_00471
BU-D5B6A7DD,HOSP_E,O_POSITIVE,RBC,2024-11-25,2025-01-06,AVAILABLE,FAILED,Shelf-A1,DON_00382
BU-09599FAF,BB_A,O_POSITIVE,RBC,2024-11-22,2025-01-03,QUARANTINED,REVIEW_REQUIRED,Shelf-B2,DON_00177
BU-29F77185,BB_B,B_POSITIVE,PLASMA,2024-01-07,2025-01-06,EXPIRED,PASSED,Shelf-C1,DON_00097
BU-DA6D015E,BB_B,O_POSITIVE,PLATELETS,2024-12-31,2025-01-05,USED,PENDING,Fridge-3,DON_00024
BU-4D19E171,HOSP_A,A_NEGATIVE,WHOLE_BLOOD,2024-12-07,2025-01-11,QUARANTINED,REVIEW_REQUIRED,Shelf-B1,DON_00691
BU-6F3051AF,HOSP_D,AB_NEGATIVE,RBC,2024-12-04,2025-01-15,EXPIRED,FAILED,Shelf-A1,DON_00150
BU-87B8C9C7,HOSP_C,O_POSITIVE,WHOLE_BLOOD,2024-12-12,2025-01-16,AVAILABLE,PASSED,Shelf-A2,DON_00656
BU-250BF6D0,BB_B,O_POSITIVE,RBC,2024-12-14,2025-01-25,QUARANTINED,REVIEW_REQUIRED,Shelf-B2,DON_00430
BU-06CF9EDD,HOSP_D,B_POSITIVE,PLATELETS,2024-12-27,2025-01-01,AVAILABLE,PASSED,Shelf-A2,DON_00747
BU-9E985BE1,BB_B,A_POSITIVE,PLASMA,2024-04-12,2025-04-12,DISPATCHED,PASSED,Shelf-A1,DON_00107
BU-C525F4E6,BB_A,AB_POSITIVE,PLASMA,2024-11-24,2025-11-24,EXPIRED,PASSED,Shelf-B2,DON_00353
BU-215F0D20,HOSP_B,B_NEGATIVE,RBC,2024-12-14,2025-01-25,RECEIVED,PASSED,Shelf-B2,DON_00105
BU-4F131B73,HOSP_E,O_POSITIVE,PLASMA,2024-05-14,2025-05-14,USED,PENDING,Fridge-1,DON_00648
BU-CADB34A4,BB_B,A_POSITIVE,WHOLE_BLOOD,2024-11-29,2025-01-03,AVAILABLE,PASSED,Shelf-B2,DON_00182
BU-22C5E734,HOSP_A,A_POSITIVE,PLASMA,2024-02-16,2025-02-15,DISPATCHED,REVIEW_REQUIRED,Fridge-3,DON_00082
BU-79E95276,HOSP_D,A_POSITIVE,PLATELETS,2024-12-26,2024-12-31,USED,PASSED,Shelf-B2,DON_00753
BU-48C8A037,HOSP_B,B_POSITIVE,PLASMA,2024-08-27,2025-08-27,EXPIRED,FAILED,Fridge-3,DON_00752
BU-5507E37F,BB_A,A_POSITIVE,PLATELETS,2024-12-27,2025-01-01,EXPIRED,PASSED,Shelf-B1,DON_00631
BU-6F7762FB,HOSP_E,A_POSITIVE,PLASMA,2024-01-31,2025-01-30,AVAILABLE,PASSED,Fridge-1,DON_00205
BU-EC59E434,BB_B,A_POSITIVE,PLATELETS,2024-12-30,2025-01-04,DISPATCHED,PASSED,Shelf-A1,DON_00257
BU-00F93433,HOSP_D,A_POSITIVE,PLATELETS,2024-12-26,2024-12-31,AVAILABLE,PENDING,Platelet-Agitator-1,DON_00225
BU-72F6CA49,HOSP_A,A_POSITIVE,PLASMA,2024-04-20,2025-04-20,QUARANTINED,REVIEW_REQUIRED,Platelet-Agitator-1,DON_00727
BU-B6EA22D3,HOSP_A,B_POSITIVE,WHOLE_BLOOD,2024-12-02,2025-01-06,RECEIVED,PASSED,Shelf-B1,DON_00690
BU-A89B3C2E,HOSP_C,B_POSITIVE,WHOLE_BLOOD,2024-12-11,2025-01-15,RECEIVED,REVIEW_REQUIRED,Fridge-2,DON_00170
BU-DB6B4EA5,BB_B,A_NEGATIVE,PLASMA,2024-09-08,2025-09-08,RECEIVED,REVIEW_REQUIRED,Shelf-B2,DON_00033
BU-CB877C6F,HOSP_E,A_POSITIVE,PLASMA,2024-09-01,2025-09-01,RECEIVED,FAILED,Platelet-Agitator-1,DON_00211
BU-89595CE2,HOSP_C,O_POSITIVE,RBC,2024-12-31,2025-02-11,EXPIRED,PASSED,Platelet-Agitator-1,DON_00231
BU-E7E72F6C,BB_A,A_POSITIVE,PLATELETS,2024-12-28,2025-01-02,USED,PASSED,Shelf-B1,DON_00462
BU-2F097516,HOSP_B,A_POSITIVE,WHOLE_BLOOD,2024-12-20,2025-01-24,RECEIVED,PASSED,Shelf-B1,DON_00410
BU-364AD086,HOSP_E,O_NEGATIVE,PLATELETS,2024-12-30,2025-01-04,AVAILABLE,FAILED,Shelf-C1,DON_00758
BU-2A9525BE,HOSP_A,B_NEGATIVE,PLASMA,2024-03-30,2025-03-30,AVAILABLE,PASSED,Shelf-A2,DON_00104
BU-DCC61A2F,HOSP_A,A_POSITIVE,RBC,2024-12-08,2025-01-19,RESERVED,REVIEW_REQUIRED,Fridge-3,DON_00292
BU-507876D3,HOSP_C,O_POSITIVE,PLATELETS,2024-12-29,2025-01-03,EXPIRED,PASSED,Shelf-B1,DON_00690
BU-52922178,HOSP_D,A_POSITIVE,WHOLE_BLOOD,2024-12-18,2025-01-22,RECEIVED,PASSED,Platelet-Agitator-1,DON_00348
BU-29C040BA,HOSP_D,AB_NEGATIVE,PLATELETS,2024-12-28,2025-01-02,USED,PASSED,Fridge-1,DON_00578
BU-A1A78463,HOSP_E,AB_POSITIVE,WHOLE_BLOOD,2024-12-28,2025-02-01,AVAILABLE,PASSED,Fridge-2,DON_00152
BU-2FEB38CE,BB_B,A_NEGATIVE,PLASMA,2024-03-26,2025-03-26,USED,PASSED,Shelf-A1,DON_00077
BU-49B1FBA4,HOSP_E,A_POSITIVE,RBC,2024-12-31,2025-02-11,USED,PASSED,Fridge-1,DON_00534
BU-791C418D,HOSP_B,A_POSITIVE,RBC,2024-11-19,2024-12-31,DISPATCHED,FAILED,Shelf-C1,DON_00416
BU-9ED19374,HOSP_D,O_NEGATIVE,PLASMA,2024-05-30,2025-05-30,AVAILABLE,PASSED,Shelf-B2,DON_00196
BU-8776D280,BB_A,O_POSITIVE,WHOLE_BLOOD,2024-12-17,2025-01-21,AVAILABLE,FAILED,Shelf-B2,DON_00059
BU-4AFF4021,HOSP_B,O_POSITIVE,PLATELETS,2024-12-29,2025-01-03,AVAILABLE,PASSED,Shelf-A2,DON_00666
BU-C391F252,BB_A,A_POSITIVE,PLASMA,2024-05-16,2025-05-16,QUARANTINED,FAILED,Shelf-A1,DON_00246
BU-4AC45DAB,HOSP_B,B_POSITIVE,PLASMA,2024-01-22,2025-01-21,RESERVED,PENDING,Fridge-1,DON_00441
BU-7345EE7E,HOSP_D,O_POSITIVE,PLATELETS,2024-12-28,2025-01-02,RECEIVED,PENDING,Shelf-A2,DON_00394
BU-06429B2E,BB_A,O_POSITIVE,WHOLE_BLOOD,2024-12-24,2025-01-28,RESERVED,PASSED,Platelet-Agitator-1,DON_00010
BU-4BDADBA7,HOSP_A,A_POSITIVE,WHOLE_BLOOD,2024-12-12,2025-01-16,AVAILABLE,PASSED,Fridge-1,DON_00746
BU-A6335667,BB_A,B_POSITIVE,RBC,2024-11-26,2025-01-07,USED,PENDING,Fridge-1,DON_00166
BU-4B478178,HOSP_A,O_POSITIVE,PLASMA,2024-05-01,2025-05-01,AVAILABLE,PASSED,Shelf-B2,DON_00077
BU-5EA653C3,BB_B,O_POSITIVE,PLATELETS,2024-12-31,2025-01-05,DISPATCHED,PASSED,Fridge-2,DON_00087
BU-7BF2B635,HOSP_D,O_POSITIVE,RBC,2024-12-06,2025-01-17,AVAILABLE,PENDING,Fridge-3,DON_00701
BU-D0FF6957,HOSP_A,O_POSITIVE,WHOLE_BLOOD,2024-12-24,2025-01-28,DISPATCHED,PASSED,Fridge-2,DON_00555
BU-555D8C08,HOSP_A,A_POSITIVE,PLATELETS,2024-12-29,2025-01-03,AVAILABLE,REVIEW_REQUIRED,Fridge-3,DON_00330
BU-E4D436C3,BB_A,B_POSITIVE,PLASMA,2024-01-22,2025-01-21,USED,PASSED,Fridge-2,DON_00697
BU-85E08C00,BB_B,O_NEGATIVE,PLASMA,2024-02-22,2025-02-21,AVAILABLE,PASSED,Shelf-B1,DON_00420
BU-7A5C2DBE,HOSP_B,A_POSITIVE,PLATELETS,2024-12-29,2025-01-03,AVAILABLE,PASSED,Shelf-B2,DON_00440
BU-A220F26A,HOSP_D,O_POSITIVE,PLASMA,2024-03-01,2025-03-01,AVAILABLE,FAILED,Shelf-A1,DON_00730
BU-54E47322,HOSP_E,O_POSITIVE,PLASMA,2024-03-20,2025-03-20,RESERVED,PASSED,Fridge-2,DON_00703
BU-68C355A3,HOSP_E,A_POSITIVE,PLASMA,2024-02-03,2025-02-02,AVAILABLE,REVIEW_REQUIRED,Shelf-B2,DON_00247
BU-E17D7214,HOSP_E,O_POSITIVE,PLASMA,2024-05-15,2025-05-15,AVAILABLE,PENDING,Shelf-B1,DON_00350
BU-E33D5DF3,HOSP_B,A_NEGATIVE,WHOLE_BLOOD,2024-12-07,2025-01-11,USED,PASSED,Shelf-C1,DON_00247
BU-4EE4448F,HOSP_C,O_POSITIVE,WHOLE_BLOOD,2024-11-29,2025-01-03,USED,PASSED,Shelf-A1,DON_00487
BU-C2FF6656,HOSP_D,O_POSITIVE,WHOLE_BLOOD,2024-12-28,2025-02-01,RECEIVED,FAILED,Shelf-A1,DON_00334
BU-939E80E4,HOSP_A,B_POSITIVE,WHOLE_BLOOD,2024-12-16,2025-01-20,USED,PASSED,Fridge-1,DON_00322
BU-F54CCA6B,HOSP_B,B_POSITIVE,RBC,2024-12-16,2025-01-27,EXPIRED,PASSED,Fridge-1,DON_00466
BU-47D2FB39,BB_B,A_POSITIVE,PLASMA,2024-06-06,2025-06-06,USED,PASSED,Shelf-B1,DON_00241
BU-0CECCC34,HOSP_A,O_POSITIVE,PLASMA,2024-02-08,2025-02-07,AVAILABLE,PASSED,Shelf-C1,DON_00271
BU-C2B249DD,HOSP_B,AB_NEGATIVE,PLATELETS,2024-12-27,2025-01-01,AVAILABLE,PENDING,Platelet-Agitator-1,DON_00780
BU-08AD4B17,HOSP_B,O_POSITIVE,PLATELETS,2024-12-27,2025-01-01,DISPATCHED,PENDING,Platelet-Agitator-1,DON_00696
BU-0A7A6708,BB_B,O_POSITIVE,RBC,2024-12-10,2025-01-21,EXPIRED,PASSED,Shelf-B2,DON_00575
BU-729B80D1,HOSP_E,B_POSITIVE,PLASMA,2024-05-26,2025-05-26,QUARANTINED,FAILED,Fridge-2,DON_00029
BU-2A845710,HOSP_C,O_POSITIVE,PLASMA,2024-11-08,2025-11-08,DISPATCHED,REVIEW_REQUIRED,Fridge-1,DON_00067
BU-0F1CDA10,HOSP_E,O_NEGATIVE,PLASMA,2024-08-27,2025-08-27,RECEIVED,FAILED,Fridge-1,DON_00452
BU-7203907C,HOSP_B,O_POSITIVE,PLATELETS,2024-12-27,2025-01-01,USED,REVIEW_REQUIRED,Shelf-B1,DON_00562
BU-12DBF444,HOSP_E,A_POSITIVE,PLATELETS,2024-12-31,2025-01-05,USED,FAILED,Shelf-B1,DON_00737
BU-51C15D97,HOSP_E,O_POSITIVE,WHOLE_BLOOD,2024-12-20,2025-01-24,EXPIRED,PASSED,Shelf-A2,DON_00282
BU-80C33AC9,BB_A,O_POSITIVE,WHOLE_BLOOD,2024-12-02,2025-01-06,EXPIRED,PASSED,Fridge-3,DON_00647
BU-F9E3B325,BB_B,B_POSITIVE,RBC,2024-12-19,2025-01-30,RESERVED,PENDING,Fridge-1,DON_00588
BU-63D77E98,HOSP_C,O_NEGATIVE,PLATELETS,2024-12-27,2025-01-01,QUARANTINED,FAILED,Shelf-B2,DON_00015
BU-9D7DD5BD,BB_B,O_POSITIVE,PLASMA,2024-04-24,2025-04-24,RESERVED,PASSED,Shelf-A2,DON_00087
BU-8D94DB46,HOSP_A,A_POSITIVE,PLATELETS,2024-12-28,2025-01-02,EXPIRED,PASSED,Shelf-A2,DON_00316
BU-AD21C98A,BB_B,O_POSITIVE,PLATELETS,2024-12-27,2025-01-01,RESERVED,PASSED,Shelf-B2,DON_00229
BU-629B109E,HOSP_A,A_POSITIVE,PLASMA,2024-05-26,2025-05-26,AVAILABLE,PASSED,Platelet-Agitator-1,DON_00087
BU-0F2D09DA,HOSP_C,B_POSITIVE,PLATELETS,2024-12-28,2025-01-02,RECEIVED,FAILED,Shelf-B1,DON_00320
BU-C8907925,HOSP_E,B_POSITIVE,PLATELETS,2024-12-31,2025-01-05,AVAILABLE,PASSED,Fridge-2,DON_00612
BU-16A73F64,HOSP_C,O_POSITIVE,WHOLE_BLOOD,2024-12-29,2025-02-02,DISPATCHED,PASSED,Shelf-B1,DON_00720
BU-1A3C46DE,HOSP_C,A_POSITIVE,RBC,2024-12-03,2025-01-14,DISPATCHED,PASSED,Shelf-B1,DON_00192
BU-1C2BAFB1,BB_B,B_POSITIVE,WHOLE_BLOOD,2024-12-21,2025-01-25,RECEIVED,PASSED,Fridge-2,DON_00091
BU-2526BA56,HOSP_C,O_POSITIVE,PLASMA,2024-01-16,2025-01-15,AVAILABLE,FAILED,Fridge-1,DON_00675
BU-3AFD3802,HOSP_E,O_NEGATIVE,PLATELETS,2024-12-27,2025-01-01,QUARANTINED,FAILED,Shelf-B1,DON_00731
BU-DBBE45CE,HOSP_A,O_POSITIVE,PLASMA,2024-05-06,2025-05-06,AVAILABLE,PASSED,Shelf-A2,DON_00727
BU-B746EAE0,HOSP_D,B_POSITIVE,WHOLE_BLOOD,2024-12-03,2025-01-07,QUARANTINED,FAILED,Shelf-B2,DON_00579
BU-5B958B4A,HOSP_D,A_POSITIVE,PLATELETS,2024-12-26,2024-12-31,QUARANTINED,FAILED,Shelf-C1,DON_00554
BU-AB3DED6C,HOSP_C,O_POSITIVE,PLATELETS,2024-12-29,2025-01-03,DISPATCHED,PENDING,Shelf-B2,DON_00191
BU-D607AB2C,HOSP_E,AB_POSITIVE,RBC,2024-12-08,2025-01-19,DISPATCHED,PASSED,Shelf-B1,DON_00375
BU-54CB603C,HOSP_C,O_POSITIVE,RBC,2024-11-20,2025-01-01,RESERVED,PASSED,Fridge-1,DON_00256
BU-171FC6AA,HOSP_D,A_POSITIVE,RBC,2024-12-17,2025-01-28,AVAILABLE,PASSED,Fridge-2,DON_00710
BU-6894351F,HOSP_E,O_POSITIVE,WHOLE_BLOOD,2024-12-21,2025-01-25,QUARANTINED,FAILED,Platelet-Agitator-1,DON_00500
BU-92652DF5,BB_B,O_POSITIVE,PLASMA,2024-12-23,2025-12-23,QUARANTINED,FAILED,Fridge-1,DON_00056
BU-9E9EE3EA,HOSP_D,AB_POSITIVE,WHOLE_BLOOD,2024-12-02,2025-01-06,AVAILABLE,PASSED,Shelf-B1,DON_00207
BU-A5EECE05,HOSP_C,A_POSITIVE,PLATELETS,2024-12-28,2025-01-02,AVAILABLE,PENDING,Fridge-2,DON_00547
BU-A9AF9016,HOSP_B,O_POSITIVE,PLASMA,2024-02-29,2025-02-28,AVAILABLE,PENDING,Fridge-1,DON_00535
BU-7D5D7B9A,HOSP_B,O_POSITIVE,WHOLE_BLOOD,2024-12-05,2025-01-09,USED,FAILED,Shelf-B1,DON_00137
BU-F2DEB6B2,HOSP_B,O_POSITIVE,PLASMA,2024-05-02,2025-05-02,RESERVED,PASSED,Shelf-B1,DON_00205
BU-DEE7CB36,BB_A,O_NEGATIVE,PLATELETS,2024-12-30,2025-01-04,RECEIVED,PASSED,Fridge-1,DON_00354
BU-43E29344,HOSP_D,O_NEGATIVE,WHOLE_BLOOD,2024-12-22,2025-01-26,DISPATCHED,FAILED,Shelf-A2,DON_00784
BU-C6A9F460,HOSP_A,O_POSITIVE,PLATELETS,2024-12-27,2025-01-01,AVAILABLE,REVIEW_REQUIRED,Shelf-A1,DON_00246
BU-936DACE3,HOSP_E,B_POSITIVE,PLASMA,2024-03-27,2025-03-27,AVAILABLE,PENDING,Shelf-A1,DON_00281
BU-BDC4C39C,HOSP_B,O_POSITIVE,WHOLE_BLOOD,2024-12-30,2025-02-03,AVAILABLE,PASSED,Fridge-3,DON_00214
BU-97CB7DBB,HOSP_A,A_POSITIVE,PLASMA,2024-08-16,2025-08-16,AVAILABLE,PASSED,Shelf-A2,DON_00583
BU-AE7DC83E,HOSP_D,O_POSITIVE,WHOLE_BLOOD,2024-12-14,2025-01-18,AVAILABLE,REVIEW_REQUIRED,Fridge-2,DON_00073
BU-7DAC1700,HOSP_D,B_POSITIVE,RBC,2024-11-27,2025-01-08,DISPATCHED,PASSED,Shelf-B1,DON_00380
BU-DF09B882,HOSP_C,B_POSITIVE,PLASMA,2024-07-25,2025-07-25,USED,PASSED,Fridge-3,DON_00744
BU-413B26FE,BB_B,O_POSITIVE,PLATELETS,2024-12-26,2024-12-31,QUARANTINED,REVIEW_REQUIRED,Shelf-C1,DON_00291
BU-A6B3B199,HOSP_A,O_POSITIVE,RBC,2024-12-09,2025-01-20,AVAILABLE,PASSED,Shelf-A2,DON_00161
BU-6C8A4ED0,BB_A,A_POSITIVE,PLATELETS,2024-12-28,2025-01-02,DISPATCHED,PASSED,Fridge-3,DON_00388
BU-B3AA8600,HOSP_D,B_POSITIVE,WHOLE_BLOOD,2024-12-07,2025-01-11,USED,PASSED,Fridge-3,DON_00711
BU-EF53E3BE,BB_B,O_POSITIVE,WHOLE_BLOOD,2024-12-16,2025-01-20,AVAILABLE,PASSED,Shelf-C1,DON_00610
BU-30ED73C8,BB_B,O_NEGATIVE,PLASMA,2024-03-12,2025-03-12,AVAILABLE,PASSED,Shelf-A1,DON_00236
BU-A81EF07D,HOSP_C,O_POSITIVE,RBC,2024-12-17,2025-01-28,EXPIRED,PASSED,Shelf-A1,DON_00247
BU-2F5F2FFD,HOSP_B,A_POSITIVE,PLASMA,2024-10-05,2025-10-05,RECEIVED,REVIEW_REQUIRED,Shelf-C1,DON_00392
BU-29477EDF,HOSP_B,O_POSITIVE,RBC,2024-12-21,2025-02-01,AVAILABLE,FAILED,Fridge-2,DON_00686
BU-AFC88C8F,BB_A,A_POSITIVE,WHOLE_BLOOD,2024-12-23,2025-01-27,AVAILABLE,PASSED,Shelf-A2,DON_00408
BU-CDC796CF,HOSP_A,A_POSITIVE,WHOLE_BLOOD,2024-11-29,2025-01-03,QUARANTINED,FAILED,Shelf-A1,DON_00152
BU-B1088FA8,BB_B,O_POSITIVE,PLASMA,2024-08-14,2025-08-14,USED,PASSED,Shelf-A2,DON_00375
BU-2997C899,HOSP_A,O_NEGATIVE,RBC,2024-11-25,2025-01-06,RESERVED,FAILED,Fridge-2,DON_00526
BU-8D688D58,HOSP_D,O_POSITIVE,PLATELETS,2024-12-27,2025-01-01,AVAILABLE,PASSED,Fridge-3,DON_00364
BU-F1FD2A82,HOSP_C,O_POSITIVE,RBC,2024-12-08,2025-01-19,AVAILABLE,FAILED,Shelf-C1,DON_00102
BU-0587A537,BB_B,O_POSITIVE,WHOLE_BLOOD,2024-12-22,2025-01-26,USED,PASSED,Platelet-Agitator-1,DON_00725
BU-3D83791D,HOSP_A,O_POSITIVE,RBC,2024-11-30,2025-01-11,QUARANTINED,REVIEW_REQUIRED,Fridge-2,DON_00278
BU-295DD30E,BB_B,O_POSITIVE,PLASMA,2024-06-23,2025-06-23,USED,PASSED,Fridge-2,DON_00248
BU-BDEC5307,HOSP_D,A_POSITIVE,WHOLE_BLOOD,2024-12-31,2025-02-04,AVAILABLE,PASSED,Fridge-3,DON_00053
BU-BD4C3EA4,HOSP_C,O_POSITIVE,PLASMA,2024-04-28,2025-04-28,RESERVED,PASSED,Fridge-3,DON_00747
BU-D89FCA95,BB_A,O_POSITIVE,PLATELETS,2024-12-30,2025-01-04,USED,PASSED,Shelf-A2,DON_00382
BU-DBC96A8C,HOSP_C,B_POSITIVE,RBC,2024-12-03,2025-01-14,QUARANTINED,REVIEW_REQUIRED,Shelf-A2,DON_00369
BU-B608F4FD,HOSP_B,O_POSITIVE,RBC,2024-12-09,2025-01-20,RECEIVED,REVIEW_REQUIRED,Fridge-3,DON_00067
BU-D03C4EA1,BB_A,A_POSITIVE,RBC,2024-12-08,2025-01-19,EXPIRED,FAILED,Shelf-B2,DON_00256
BU-DBCD4155,HOSP_E,O_POSITIVE,PLASMA,2024-05-03,2025-05-03,DISPATCHED,PASSED,Shelf-A1,DON_00319
BU-49D579F6,BB_A,O_NEGATIVE,PLASMA,2024-10-03,2025-10-03,AVAILABLE,PENDING,Shelf-A2,DON_00731
BU-5BEAEBD6,HOSP_C,B_NEGATIVE,PLASMA,2024-02-28,2025-02-27,AVAILABLE,REVIEW_REQUIRED,Shelf-C1,DON_00210
BU-2D387574,BB_A,O_POSITIVE,PLASMA,2024-01-29,2025-01-28,USED,REVIEW_REQUIRED,Shelf-B1,DON_00277
BU-D721FEA4,BB_B,A_POSITIVE,PLATELETS,2024-12-26,2024-12-31,QUARANTINED,REVIEW_REQUIRED,Fridge-3,DON_00112
BU-0D29B7C6,HOSP_B,A_POSITIVE,RBC,2024-12-19,2025-01-30,AVAILABLE,PASSED,Shelf-B2,DON_00228
BU-766428AC,BB_B,O_POSITIVE,RBC,2024-12-01,2025-01-12,AVAILABLE,PASSED,Shelf-A1,DON_00104
BU-357949A2,BB_A,O_NEGATIVE,PLASMA,2024-12-31,2025-12-31,DISPATCHED,PASSED,Shelf-B1,DON_00069
BU-785C557E,BB_B,A_POSITIVE,RBC,2024-11-29,2025-01-10,RESERVED,PENDING,Shelf-A2,DON_00752
BU-B72FDED4,HOSP_C,O_POSITIVE,PLATELETS,2024-12-28,2025-01-02,AVAILABLE,PENDING,Platelet-Agitator-1,DON_00008
BU-F9DB86B8,BB_A,B_POSITIVE,RBC,2024-11-29,2025-01-10,RESERVED,PASSED,Shelf-A2,DON_00702
BU-CF0F78DA,BB_A,A_POSITIVE,PLASMA,2024-06-19,2025-06-19,RESERVED,PENDING,Fridge-1,DON_00627
BU-45ED7163,BB_B,O_POSITIVE,PLASMA,2024-09-03,2025-09-03,AVAILABLE,PASSED,Fridge-2,DON_00353
BU-469C793F,HOSP_E,O_POSITIVE,WHOLE_BLOOD,2024-12-20,2025-01-24,RECEIVED,PASSED,Fridge-1,DON_00769
BU-95741B11,BB_A,A_POSITIVE,RBC,2024-12-02,2025-01-13,USED,FAILED,Fridge-1,DON_00663
BU-BC9CB36E,HOSP_B,O_POSITIVE,PLASMA,2024-11-13,2025-11-13,RECEIVED,FAILED,Fridge-3,DON_00083
BU-8AE06657,BB_A,A_POSITIVE,PLATELETS,2024-12-30,2025-01-04,RESERVED,PASSED,Fridge-3,DON_00317
BU-A8E5EED7,HOSP_C,O_POSITIVE,WHOLE_BLOOD,2024-12-18,2025-01-22,USED,PASSED,Shelf-A1,DON_00353
BU-4FAF7F1D,HOSP_E,A_POSITIVE,PLATELETS,2024-12-28,2025-01-02,RESERVED,FAILED,Shelf-B2,DON_00652
BU-811B465E,HOSP_A,A_POSITIVE,PLASMA,2024-07-11,2025-07-11,DISPATCHED,PASSED,Shelf-A1,DON_00451
BU-5B9B4932,HOSP_B,O_NEGATIVE,PLASMA,2024-02-13,2025-02-12,AVAILABLE,PASSED,Fridge-3,DON_00692
BU-B2E3E9D0,HOSP_B,O_NEGATIVE,RBC,2024-12-21,2025-02-01,AVAILABLE,FAILED,Fridge-1,DON_00559
BU-7260BE15,HOSP_C,A_POSITIVE,PLASMA,2024-05-05,2025-05-05,RECEIVED,FAILED,Shelf-A2,DON_00451
BU-8A832331,HOSP_B,O_POSITIVE,PLASMA,2024-04-10,2025-04-10,USED,PASSED,Platelet-Agitator-1,DON_00353
BU-AD29DABB,HOSP_D,A_POSITIVE,WHOLE_BLOOD,2024-12-31,2025-02-04,RECEIVED,PASSED,Fridge-3,DON_00338
BU-C97445F8,HOSP_A,O_POSITIVE,RBC,2024-12-31,2025-02-11,QUARANTINED,FAILED,Shelf-B1,DON_00001
BU-BCD87B87,HOSP_D,A_POSITIVE,PLASMA,2024-02-26,2025-02-25,RECEIVED,REVIEW_REQUIRED,Fridge-1,DON_00799
BU-4CB503F3,HOSP_D,B_POSITIVE,WHOLE_BLOOD,2024-12-20,2025-01-24,USED,REVIEW_REQUIRED,Shelf-C1,DON_00680
BU-7956811C,HOSP_A,A_POSITIVE,PLASMA,2024-09-22,2025-09-22,RESERVED,PASSED,Fridge-3,DON_00023
BU-44095291,BB_A,B_POSITIVE,WHOLE_BLOOD,2024-12-10,2025-01-14,RESERVED,PENDING,Platelet-Agitator-1,DON_00789
BU-F684DBA1,HOSP_D,O_POSITIVE,WHOLE_BLOOD,2024-11-28,2025-01-02,AVAILABLE,PASSED,Platelet-Agitator-1,DON_00540
BU-E44D53D0,HOSP_C,O_NEGATIVE,PLATELETS,2024-12-26,2024-12-31,QUARANTINED,FAILED,Platelet-Agitator-1,DON_00005
BU-A075C8FC,HOSP_C,B_POSITIVE,RBC,2024-12-22,2025-02-02,RECEIVED,PASSED,Shelf-B2,DON_00045
BU-9817516D,HOSP_C,A_POSITIVE,RBC,2024-11-23,2025-01-04,RECEIVED,REVIEW_REQUIRED,Shelf-C1,DON_00479
BU-5365D067,HOSP_E,A_POSITIVE,PLATELETS,2024-12-29,2025-01-03,AVAILABLE,PASSED,Shelf-A2,DON_00748
BU-608E61B3,HOSP_C,A_POSITIVE,PLATELETS,2024-12-27,2025-01-01,DISPATCHED,FAILED,Platelet-Agitator-1,DON_00738
BU-C1063C68,BB_B,A_POSITIVE,WHOLE_BLOOD,2024-12-18,2025-01-22,AVAILABLE,PENDING,Platelet-Agitator-1,DON_00462
BU-27D5B855,HOSP_E,B_POSITIVE,PLATELETS,2024-12-30,2025-01-04,AVAILABLE,PASSED,Fridge-3,DON_00176
BU-681E8782,HOSP_C,A_POSITIVE,PLASMA,2024-01-10,2025-01-09,RESERVED,FAILED,Platelet-Agitator-1,DON_00538
BU-A27E1C70,HOSP_B,O_POSITIVE,PLATELETS,2024-12-29,2025-01-03,QUARANTINED,REVIEW_REQUIRED,Shelf-B1,DON_00715
BU-BC64CA58,HOSP_B,B_POSITIVE,RBC,2024-11-27,2025-01-08,RECEIVED,PASSED,Shelf-B2,DON_00613
BU-46AD4C26,BB_B,A_POSITIVE,PLATELETS,2024-12-27,2025-01-01,DISPATCHED,REVIEW_REQUIRED,Shelf-A1,DON_00430
BU-777B968E,HOSP_D,O_POSITIVE,RBC,2024-12-08,2025-01-19,RECEIVED,FAILED,Shelf-B1,DON_00372
BU-6D5421AB,HOSP_D,O_POSITIVE,PLATELETS,2024-12-26,2024-12-31,USED,PASSED,Fridge-3,DON_00315
BU-E9ADC6B2,HOSP_A,AB_NEGATIVE,PLASMA,2024-03-08,2025-03-08,DISPATCHED,REVIEW_REQUIRED,Fridge-2,DON_00133
BU-92245564,HOSP_A,O_POSITIVE,RBC,2024-11-22,2025-01-03,QUARANTINED,FAILED,Shelf-C1,DON_00501
BU-EB8E0D7B,BB_B,A_NEGATIVE,RBC,2024-11-25,2025-01-06,USED,PENDING,Fridge-1,DON_00233
BU-DA23EB77,BB_B,O_POSITIVE,PLATELETS,2024-12-31,2025-01-05,DISPATCHED,PASSED,Shelf-A1,DON_00574
BU-073D7C93,BB_A,A_POSITIVE,WHOLE_BLOOD,2024-12-03,2025-01-07,AVAILABLE,FAILED,Fridge-1,DON_00097
BU-6A8BCDEB,BB_B,O_POSITIVE,RBC,2024-11-20,2025-01-01,AVAILABLE,PENDING,Fridge-1,DON_00441
BU-D66C0160,HOSP_A,O_POSITIVE,WHOLE_BLOOD,2024-12-17,2025-01-21,AVAILABLE,PASSED,Shelf-A2,DON_00639
BU-787A4CAC,HOSP_C,O_POSITIVE,WHOLE_BLOOD,2024-12-18,2025-01-22,QUARANTINED,REVIEW_REQUIRED,Shelf-A2,DON_00740
BU-C35D87A1,HOSP_D,O_POSITIVE,WHOLE_BLOOD,2024-12-25,2025-01-29,RESERVED,FAILED,Shelf-A2,DON_00272
BU-EC880E0B,HOSP_E,A_NEGATIVE,WHOLE_BLOOD,2024-12-17,2025-01-21,QUARANTINED,FAILED,Shelf-A2,DON_00301
BU-26FD2CF7,HOSP_A,A_POSITIVE,PLATELETS,2024-12-27,2025-01-01,RESERVED,FAILED,Fridge-1,DON_00048
BU-09F404F6,HOSP_B,B_POSITIVE,RBC,2024-12-31,2025-02-11,RESERVED,FAILED,Fridge-3,DON_00117
BU-FCDF57B1,HOSP_A,B_POSITIVE,PLASMA,2024-12-17,2025-12-17,USED,PASSED,Shelf-B1,DON_00522
BU-88A5E6B4,HOSP_E,A_NEGATIVE,RBC,2024-12-25,2025-02-05,AVAILABLE,PASSED,Fridge-1,DON_00356
BU-4BD5DF7D,HOSP_C,A_POSITIVE,WHOLE_BLOOD,2024-12-14,2025-01-18,RECEIVED,PASSED,Shelf-A1,DON_00640
BU-9EE95408,BB_B,O_POSITIVE,PLATELETS,2024-12-27,2025-01-01,EXPIRED,PENDING,Shelf-B1,DON_00477
BU-8EC3A962,HOSP_A,O_NEGATIVE,PLATELETS,2024-12-29,2025-01-03,RECEIVED,PENDING,Shelf-B2,DON_00246
BU-D4C161BE,HOSP_B,A_POSITIVE,WHOLE_BLOOD,2024-12-18,2025-01-22,AVAILABLE,PASSED,Fridge-2,DON_00267
BU-CEC6BDB3,BB_B,B_POSITIVE,PLASMA,2024-07-02,2025-07-02,RECEIVED,PASSED,Shelf-A1,DON_00785
BU-F5685105,HOSP_A,A_POSITIVE,RBC,2024-12-02,2025-01-13,USED,FAILED,Shelf-C1,DON_00190
BU-B022DEB3,HOSP_B,A_POSITIVE,PLATELETS,2024-12-27,2025-01-01,AVAILABLE,PASSED,Platelet-Agitator-1,DON_00743
BU-04006823,BB_B,A_POSITIVE,RBC,2024-11-28,2025-01-09,AVAILABLE,PASSED,Fridge-1,DON_00347
BU-CB319A82,HOSP_C,A_POSITIVE,WHOLE_BLOOD,2024-11-28,2025-01-02,QUARANTINED,FAILED,Fridge-1,DON_00704
BU-82C5F6D4,HOSP_E,O_POSITIVE,PLATELETS,2024-12-28,2025-01-02,RECEIVED,PENDING,Shelf-A1,DON_00302
BU-6844082E,HOSP_E,O_POSITIVE,PLASMA,2024-11-17,2025-11-17,RECEIVED,PENDING,Platelet-Agitator-1,DON_00263
BU-B363783C,HOSP_A,A_POSITIVE,WHOLE_BLOOD,2024-12-05,2025-01-09,AVAILABLE,PASSED,Shelf-C1,DON_00598
BU-DACD0D65,HOSP_C,O_POSITIVE,RBC,2024-12-12,2025-01-23,QUARANTINED,FAILED,Fridge-1,DON_00246
BU-208E5804,HOSP_E,A_POSITIVE,PLASMA,2024-01-14,2025-01-13,EXPIRED,PASSED,Fridge-3,DON_00689
BU-A9A01243,BB_B,B_NEGATIVE,PLASMA,2024-02-27,2025-02-26,AVAILABLE,PASSED,Shelf-B2,DON_00076
BU-3A6A2F45,HOSP_D,O_NEGATIVE,RBC,2024-12-16,2025-01-27,RESERVED,REVIEW_REQUIRED,Fridge-3,DON_00178
BU-778E8159,HOSP_A,O_POSITIVE,WHOLE_BLOOD,2024-12-04,2025-01-08,AVAILABLE,PASSED,Platelet-Agitator-1,DON_00395
BU-95132A63,HOSP_D,O_POSITIVE,PLASMA,2024-03-28,2025-03-28,RESERVED,PASSED,Shelf-A1,DON_00433
BU-6722D1B5,HOSP_E,A_POSITIVE,PLASMA,2024-04-27,2025-04-27,AVAILABLE,REVIEW_REQUIRED,Fridge-2,DON_00313
BU-B61FD800,HOSP_C,O_POSITIVE,WHOLE_BLOOD,2024-12-29,2025-02-02,QUARANTINED,FAILED,Fridge-2,DON_00650
BU-4E4A26A5,BB_A,A_POSITIVE,WHOLE_BLOOD,2024-12-10,2025-01-14,RECEIVED,REVIEW_REQUIRED,Platelet-Agitator-1,DON_00646
BU-6C35E87B,HOSP_A,A_POSITIVE,PLASMA,2024-07-18,2025-07-18,AVAILABLE,PASSED,Fridge-2,DON_00561
BU-9FA8ED0E,HOSP_A,O_POSITIVE,RBC,2024-12-07,2025-01-18,QUARANTINED,REVIEW_REQUIRED,Shelf-A2,DON_00132
BU-19A0CDF9,HOSP_B,AB_NEGATIVE,RBC,2024-12-24,2025-02-04,EXPIRED,PASSED,Shelf-A1,DON_00662
BU-32D82D3D,HOSP_B,O_POSITIVE,WHOLE_BLOOD,2024-12-03,2025-01-07,EXPIRED,FAILED,Shelf-A1,DON_00712
BU-48DEAF92,BB_B,A_NEGATIVE,RBC,2024-12-20,2025-01-31,QUARANTINED,REVIEW_REQUIRED,Fridge-1,DON_00382
BU-1D1EFDB9,HOSP_C,O_POSITIVE,WHOLE_BLOOD,2024-12-08,2025-01-12,AVAILABLE,REVIEW_REQUIRED,Fridge-2,DON_00265
BU-3570A630,HOSP_E,B_POSITIVE,PLATELETS,2024-12-26,2024-12-31,AVAILABLE,PASSED,Shelf-B1,DON_00075
BU-DFFE8880,BB_A,B_POSITIVE,RBC,2024-12-19,2025-01-30,AVAILABLE,REVIEW_REQUIRED,Fridge-2,DON_00087
BU-A9ECDCE1,HOSP_C,O_POSITIVE,PLASMA,2024-11-26,2025-11-26,RESERVED,PASSED,Shelf-B2,DON_00440
BU-ECFF6A5A,BB_A,O_POSITIVE,PLASMA,2024-07-09,2025-07-09,AVAILABLE,PENDING,Fridge-2,DON_00427
BU-9F594BA5,BB_A,B_NEGATIVE,RBC,2024-12-23,2025-02-03,AVAILABLE,REVIEW_REQUIRED,Shelf-A2,DON_00359
BU-F96AAC04,HOSP_A,A_POSITIVE,WHOLE_BLOOD,2024-12-26,2025-01-30,AVAILABLE,PENDING,Fridge-1,DON_00041
BU-B0BC07EE,HOSP_B,O_POSITIVE,WHOLE_BLOOD,2024-12-20,2025-01-24,USED,PENDING,Fridge-1,DON_00708
BU-243F0128,BB_A,A_NEGATIVE,PLASMA,2024-05-19,2025-05-19,AVAILABLE,FAILED,Shelf-A1,DON_00329
BU-C4876CF7,HOSP_D,AB_POSITIVE,RBC,2024-11-27,2025-01-08,EXPIRED,PASSED,Fridge-3,DON_00415
BU-911B99B3,BB_B,A_POSITIVE,WHOLE_BLOOD,2024-11-27,2025-01-01,QUARANTINED,REVIEW_REQUIRED,Platelet-Agitator-1,DON_00560
BU-642B149A,HOSP_B,A_NEGATIVE,PLASMA,2024-10-01,2025-10-01,RECEIVED,PASSED,Platelet-Agitator-1,DON_00295
BU-36609F79,BB_B,A_POSITIVE,PLATELETS,2024-12-31,2025-01-05,DISPATCHED,PASSED,Shelf-A2,DON_00200
BU-C486EE33,BB_B,O_POSITIVE,PLATELETS,2024-12-27,2025-01-01,RECEIVED,PASSED,Fridge-1,DON_00409
BU-3A45A4E7,HOSP_A,O_POSITIVE,PLATELETS,2024-12-31,2025-01-05,AVAILABLE,PASSED,Shelf-B1,DON_00667
BU-9BDF72A6,HOSP_E,A_NEGATIVE,PLASMA,2024-12-24,2025-12-24,RECEIVED,PASSED,Fridge-2,DON_00745
BU-A8F33734,HOSP_B,A_POSITIVE,WHOLE_BLOOD,2024-12-31,2025-02-04,QUARANTINED,FAILED,Fridge-3,DON_00441
BU-3B2D76CB,HOSP_C,A_POSITIVE,WHOLE_BLOOD,2024-12-27,2025-01-31,RESERVED,REVIEW_REQUIRED,Fridge-2,DON_00512
BU-590303C7,BB_B,O_POSITIVE,RBC,2024-11-22,2025-01-03,AVAILABLE,PASSED,Shelf-B2,DON_00278
BU-C4B95FB3,BB_A,O_POSITIVE,RBC,2024-12-07,2025-01-18,RESERVED,FAILED,Shelf-A1,DON_00163
BU-5257B934,HOSP_D,A_NEGATIVE,PLASMA,2024-11-18,2025-11-18,AVAILABLE,PASSED,Shelf-B1,DON_00724
BU-060E5D12,BB_B,O_NEGATIVE,WHOLE_BLOOD,2024-12-27,2025-01-31,USED,PASSED,Platelet-Agitator-1,DON_00179
BU-A4BA8673,HOSP_C,B_NEGATIVE,RBC,2024-12-23,2025-02-03,RECEIVED,FAILED,Shelf-C1,DON_00797
BU-AB9DA3B2,HOSP_B,A_POSITIVE,PLASMA,2024-03-21,2025-03-21,QUARANTINED,FAILED,Shelf-A2,DON_00147
BU-304333C3,BB_A,O_POSITIVE,PLATELETS,2024-12-27,2025-01-01,QUARANTINED,REVIEW_REQUIRED,Shelf-A1,DON_00090
BU-7DD28D45,HOSP_D,B_POSITIVE,PLASMA,2024-12-14,2025-12-14,RECEIVED,PASSED,Shelf-A2,DON_00755
BU-4B705FCB,HOSP_A,B_POSITIVE,WHOLE_BLOOD,2024-12-01,2025-01-05,USED,PASSED,Shelf-A2,DON_00629
BU-E9830261,BB_A,O_POSITIVE,PLASMA,2024-01-22,2025-01-21,DISPATCHED,PENDING,Shelf-C1,DON_00402
BU-8E5A1A09,HOSP_E,O_POSITIVE,WHOLE_BLOOD,2024-12-31,2025-02-04,RESERVED,PASSED,Fridge-1,DON_00587
BU-F110BDF0,BB_A,AB_POSITIVE,PLATELETS,2024-12-26,2024-12-31,AVAILABLE,FAILED,Shelf-B1,DON_00243
BU-2824BC09,HOSP_E,O_NEGATIVE,PLASMA,2024-02-23,2025-02-22,USED,PASSED,Fridge-3,DON_00426
BU-B1B829B2,HOSP_A,AB_NEGATIVE,RBC,2024-12-23,2025-02-03,AVAILABLE,PASSED,Shelf-B2,DON_00209
BU-B438D080,BB_A,AB_POSITIVE,PLATELETS,2024-12-26,2024-12-31,RESERVED,PASSED,Shelf-B2,DON_00624
BU-4DE96D93,BB_A,O_POSITIVE,PLATELETS,2024-12-26,2024-12-31,AVAILABLE,PASSED,Shelf-B2,DON_00734
BU-970761E1,HOSP_A,B_POSITIVE,WHOLE_BLOOD,2024-12-10,2025-01-14,AVAILABLE,PASSED,Fridge-3,DON_00239
BU-E953569A,HOSP_C,A_POSITIVE,WHOLE_BLOOD,2024-12-13,2025-01-17,RECEIVED,PASSED,Shelf-A2,DON_00496
BU-D71027B1,BB_B,A_POSITIVE,PLATELETS,2024-12-29,2025-01-03,QUARANTINED,REVIEW_REQUIRED,Shelf-A1,DON_00512
BU-FBEAA43A,HOSP_A,B_POSITIVE,PLASMA,2024-07-10,2025-07-10,EXPIRED,PASSED,Fridge-3,DON_00339
BU-595205E2,HOSP_D,O_NEGATIVE,WHOLE_BLOOD,2024-12-02,2025-01-06,AVAILABLE,FAILED,Fridge-2,DON_00116
BU-D2F0C62B,BB_B,A_NEGATIVE,PLASMA,2024-03-15,2025-03-15,AVAILABLE,FAILED,Shelf-A2,DON_00451
BU-8159551B,HOSP_B,A_POSITIVE,PLATELETS,2024-12-29,2025-01-03,RECEIVED,PASSED,Platelet-Agitator-1,DON_00164
BU-90CC9BEF,BB_A,A_POSITIVE,PLASMA,2024-10-17,2025-10-17,AVAILABLE,PENDING,Shelf-B2,DON_00108
BU-4DD941C7,HOSP_C,O_POSITIVE,RBC,2024-12-24,2025-02-04,RESERVED,PASSED,Shelf-A1,DON_00458
BU-A9FFBBA6,HOSP_A,A_POSITIVE,PLATELETS,2024-12-26,2024-12-31,AVAILABLE,PASSED,Fridge-1,DON_00440
BU-5F5B8588,HOSP_E,O_POSITIVE,WHOLE_BLOOD,2024-11-28,2025-01-02,AVAILABLE,PASSED,Platelet-Agitator-1,DON_00328
BU-3913D4B8,HOSP_C,A_POSITIVE,WHOLE_BLOOD,2024-12-15,2025-01-19,QUARANTINED,FAILED,Shelf-A2,DON_00275
BU-903A97BD,BB_A,O_NEGATIVE,PLATELETS,2024-12-28,2025-01-02,AVAILABLE,PASSED,Platelet-Agitator-1,DON_00389
BU-A05AA27E,BB_A,O_POSITIVE,WHOLE_BLOOD,2024-12-08,2025-01-12,QUARANTINED,FAILED,Shelf-A2,DON_00676
BU-EE42626A,HOSP_E,A_POSITIVE,PLASMA,2024-10-30,2025-10-30,RESERVED,PASSED,Shelf-B1,DON_00118
BU-21246CC5,BB_A,O_NEGATIVE,PLATELETS,2024-12-27,2025-01-01,AVAILABLE,PASSED,Fridge-3,DON_00646
BU-FB4DB61F,HOSP_C,B_POSITIVE,PLATELETS,2024-12-27,2025-01-01,RECEIVED,FAILED,Shelf-B1,DON_00583
BU-60996180,BB_B,A_POSITIVE,PLATELETS,2024-12-28,2025-01-02,USED,PASSED,Shelf-B1,DON_00660
BU-484D7011,HOSP_A,A_POSITIVE,WHOLE_BLOOD,2024-12-27,2025-01-31,RECEIVED,REVIEW_REQUIRED,Shelf-A1,DON_00347
BU-18237470,BB_B,O_POSITIVE,RBC,2024-12-16,2025-01-27,USED,REVIEW_REQUIRED,Shelf-A1,DON_00594
BU-2ACAC16C,HOSP_E,O_POSITIVE,RBC,2024-12-29,2025-02-09,AVAILABLE,REVIEW_REQUIRED,Platelet-Agitator-1,DON_00482
BU-36B29853,BB_B,O_POSITIVE,RBC,2024-11-23,2025-01-04,EXPIRED,PENDING,Fridge-3,DON_00377
BU-AB1EA62E,BB_A,A_POSITIVE,RBC,2024-12-22,2025-02-02,USED,FAILED,Fridge-1,DON_00599
BU-72E512B7,BB_A,O_POSITIVE,PLASMA,2024-01-15,2025-01-14,USED,PASSED,Fridge-2,DON_00322
BU-34C4ADB1,HOSP_D,B_POSITIVE,WHOLE_BLOOD,2024-12-04,2025-01-08,AVAILABLE,REVIEW_REQUIRED,Shelf-C1,DON_00638
BU-1F0CFD2C,HOSP_D,A_POSITIVE,PLATELETS,2024-12-27,2025-01-01,AVAILABLE,REVIEW_REQUIRED,Shelf-A1,DON_00030
BU-DDFF1EF9,BB_B,O_POSITIVE,RBC,2024-12-19,2025-01-30,QUARANTINED,REVIEW_REQUIRED,Shelf-A2,DON_00770
BU-A58D7F0B,HOSP_C,O_POSITIVE,WHOLE_BLOOD,2024-12-06,2025-01-10,AVAILABLE,PENDING,Fridge-1,DON_00432
BU-E59CC0B8,HOSP_C,O_POSITIVE,RBC,2024-11-25,2025-01-06,RECEIVED,REVIEW_REQUIRED,Fridge-1,DON_00517
BU-0D3834B7,HOSP_E,A_POSITIVE,PLATELETS,2024-12-29,2025-01-03,USED,PASSED,Fridge-1,DON_00765
BU-A9D98D97,BB_B,O_POSITIVE,PLATELETS,2024-12-27,2025-01-01,QUARANTINED,FAILED,Shelf-B2,DON_00173
BU-00C275C7,HOSP_C,O_POSITIVE,RBC,2024-12-11,2025-01-22,RECEIVED,PASSED,Shelf-C1,DON_00286
BU-ACD3D4AD,BB_A,O_POSITIVE,PLASMA,2024-11-13,2025-11-13,RESERVED,PASSED,Shelf-A2,DON_00740
BU-EE4AB773,HOSP_C,B_POSITIVE,RBC,2024-11-29,2025-01-10,DISPATCHED,FAILED,Fridge-3,DON_00741
BU-C0CCFEFF,HOSP_D,A_POSITIVE,RBC,2024-12-06,2025-01-17,QUARANTINED,FAILED,Fridge-3,DON_00755
BU-20EC62A0,HOSP_B,A_NEGATIVE,RBC,2024-12-19,2025-01-30,USED,PASSED,Fridge-1,DON_00178
BU-7C2134B6,HOSP_C,O_POSITIVE,RBC,2024-12-28,2025-02-08,AVAILABLE,PASSED,Shelf-B2,DON_00470
BU-31D45B52,HOSP_B,O_POSITIVE,RBC,2024-12-02,2025-01-13,AVAILABLE,REVIEW_REQUIRED,Platelet-Agitator-1,DON_00681
BU-9733F966,HOSP_A,A_NEGATIVE,WHOLE_BLOOD,2024-12-29,2025-02-02,RECEIVED,PASSED,Platelet-Agitator-1,DON_00710
BU-7DE2A94D,HOSP_E,A_POSITIVE,PLASMA,2024-01-08,2025-01-07,RESERVED,PENDING,Fridge-1,DON_00514
BU-AD883765,HOSP_E,O_POSITIVE,PLATELETS,2024-12-28,2025-01-02,RESERVED,REVIEW_REQUIRED,Shelf-C1,DON_00159
BU-4DEC5EC4,HOSP_A,O_POSITIVE,PLATELETS,2024-12-31,2025-01-05,USED,PASSED,Shelf-B1,DON_00019
BU-20F8123C,HOSP_C,A_POSITIVE,PLASMA,2024-02-14,2025-02-13,RECEIVED,FAILED,Shelf-B2,DON_00062
BU-A3EF2BF3,BB_B,O_POSITIVE,PLATELETS,2024-12-27,2025-01-01,RESERVED,PASSED,Shelf-A1,DON_00742
BU-5ACE7D6E,HOSP_A,O_POSITIVE,PLASMA,2024-06-26,2025-06-26,AVAILABLE,PENDING,Shelf-B1,DON_00094
BU-9214954F,HOSP_C,O_POSITIVE,WHOLE_BLOOD,2024-12-14,2025-01-18,AVAILABLE,PASSED,Shelf-C1,DON_00528
BU-6B71C916,HOSP_E,A_POSITIVE,WHOLE_BLOOD,2024-12-05,2025-01-09,RECEIVED,PASSED,Fridge-1,DON_00179
BU-EA2B1137,HOSP_E,B_POSITIVE,WHOLE_BLOOD,2024-12-22,2025-01-26,AVAILABLE,REVIEW_REQUIRED,Shelf-A2,DON_00465
BU-2E57ED14,BB_B,B_POSITIVE,PLATELETS,2024-12-27,2025-01-01,EXPIRED,REVIEW_REQUIRED,Platelet-Agitator-1,DON_00361
BU-F655DA25,BB_A,A_NEGATIVE,WHOLE_BLOOD,2024-12-28,2025-02-01,EXPIRED,PASSED,Shelf-C1,DON_00130
BU-5F5A0529,HOSP_D,B_NEGATIVE,WHOLE_BLOOD,2024-12-15,2025-01-19,RESERVED,PASSED,Fridge-2,DON_00616
BU-645879B3,HOSP_A,B_POSITIVE,PLATELETS,2024-12-31,2025-01-05,EXPIRED,PASSED,Shelf-C1,DON_00598
BU-2896AA34,HOSP_E,O_POSITIVE,PLASMA,2024-09-30,2025-09-30,USED,PASSED,Fridge-3,DON_00134
BU-D3CCB251,HOSP_D,O_POSITIVE,PLATELETS,2024-12-26,2024-12-31,EXPIRED,PASSED,Shelf-B1,DON_00095
BU-CD17300F,HOSP_D,A_POSITIVE,PLASMA,2024-08-29,2025-08-29,RESERVED,PENDING,Fridge-1,DON_00235
BU-37852E94,HOSP_A,O_POSITIVE,PLASMA,2024-09-02,2025-09-02,DISPATCHED,PENDING,Fridge-2,DON_00305
BU-6394B731,HOSP_E,A_POSITIVE,PLATELETS,2024-12-29,2025-01-03,RESERVED,PENDING,Shelf-B1,DON_00336
BU-3F405BD6,HOSP_D,A_POSITIVE,WHOLE_BLOOD,2024-12-28,2025-02-01,DISPATCHED,PENDING,Shelf-C1,DON_00601
BU-26F34F71,HOSP_A,A_NEGATIVE,PLATELETS,2024-12-27,2025-01-01,DISPATCHED,PASSED,Shelf-B2,DON_00312
BU-F95048B3,BB_B,B_POSITIVE,RBC,2024-12-11,2025-01-22,QUARANTINED,REVIEW_REQUIRED,Platelet-Agitator-1,DON_00580
BU-9F57A443,HOSP_E,O_NEGATIVE,WHOLE_BLOOD,2024-11-29,2025-01-03,RECEIVED,PASSED,Shelf-B1,DON_00143
BU-106EE9CA,HOSP_B,O_POSITIVE,RBC,2024-11-19,2024-12-31,AVAILABLE,PASSED,Platelet-Agitator-1,DON_00220
BU-27FBDF21,HOSP_A,O_POSITIVE,RBC,2024-12-23,2025-02-03,RECEIVED,PASSED,Shelf-C1,DON_00307
BU-3D82AFB2,HOSP_C,A_POSITIVE,RBC,2024-12-22,2025-02-02,RESERVED,PENDING,Shelf-A2,DON_00471
BU-BCFEDB27,HOSP_B,A_POSITIVE,WHOLE_BLOOD,2024-12-26,2025-01-30,DISPATCHED,PASSED,Fridge-2,DON_00349
BU-983603AE,BB_A,O_POSITIVE,RBC,2024-12-21,2025-02-01,AVAILABLE,REVIEW_REQUIRED,Fridge-1,DON_00083
BU-45575FFD,HOSP_E,O_POSITIVE,PLATELETS,2024-12-31,2025-01-05,QUARANTINED,FAILED,Fridge-2,DON_00557
BU-ACFACBEF,BB_B,A_POSITIVE,WHOLE_BLOOD,2024-12-05,2025-01-09,EXPIRED,PASSED,Shelf-B2,DON_00593
BU-81B8836F,BB_A,A_POSITIVE,WHOLE_BLOOD,2024-12-25,2025-01-29,EXPIRED,PASSED,Fridge-2,DON_00114
BU-DD4DCAF1,HOSP_E,O_POSITIVE,PLASMA,2024-08-24,2025-08-24,USED,FAILED,Shelf-A2,DON_00048
BU-BBE4C09B,BB_B,A_POSITIVE,WHOLE_BLOOD,2024-12-24,2025-01-28,USED,FAILED,Fridge-2,DON_00794
BU-32F03477,HOSP_B,A_POSITIVE,PLASMA,2024-01-22,2025-01-21,RESERVED,PASSED,Platelet-Agitator-1,DON_00697
BU-E5180EEB,BB_A,A_POSITIVE,RBC,2024-12-01,2025-01-12,EXPIRED,PASSED,Shelf-B1,DON_00178
BU-A6D4610A,BB_B,O_POSITIVE,PLASMA,2024-03-06,2025-03-06,EXPIRED,REVIEW_REQUIRED,Shelf-C1,DON_00128
BU-F309C638,HOSP_D,O_POSITIVE,PLATELETS,2024-12-26,2024-12-31,RESERVED,PASSED,Fridge-1,DON_00206
BU-07C7E366,HOSP_B,B_POSITIVE,WHOLE_BLOOD,2024-11-27,2025-01-01,DISPATCHED,PASSED,Fridge-2,DON_00234
BU-A70BAC5D,HOSP_A,B_POSITIVE,PLASMA,2024-04-14,2025-04-14,RESERVED,FAILED,Fridge-3,DON_00059
BU-5303BEAE,HOSP_B,A_POSITIVE,WHOLE_BLOOD,2024-11-27,2025-01-01,RECEIVED,PASSED,Fridge-2,DON_00454
BU-CE12638E,HOSP_D,B_POSITIVE,PLATELETS,2024-12-27,2025-01-01,AVAILABLE,PASSED,Platelet-Agitator-1,DON_00256
BU-25860ACA,BB_B,A_NEGATIVE,PLATELETS,2024-12-26,2024-12-31,DISPATCHED,PENDING,Fridge-2,DON_00576
BU-4F0CF5DC,HOSP_A,AB_NEGATIVE,PLASMA,2024-03-06,2025-03-06,AVAILABLE,PASSED,Shelf-C1,DON_00765
BU-D1D73592,BB_B,A_POSITIVE,PLATELETS,2024-12-31,2025-01-05,AVAILABLE,PASSED,Shelf-A1,DON_00538
BU-6D90C4E4,HOSP_C,A_POSITIVE,PLATELETS,2024-12-31,2025-01-05,DISPATCHED,PASSED,Fridge-1,DON_00325
BU-4460D3F1,HOSP_A,B_POSITIVE,WHOLE_BLOOD,2024-12-21,2025-01-25,QUARANTINED,FAILED,Shelf-A2,DON_00762
BU-8B2A287E,BB_B,AB_POSITIVE,WHOLE_BLOOD,2024-12-30,2025-02-03,QUARANTINED,REVIEW_REQUIRED,Fridge-3,DON_00553
BU-E92ACF11,BB_B,A_POSITIVE,WHOLE_BLOOD,2024-11-29,2025-01-03,AVAILABLE,PASSED,Shelf-A1,DON_00010
BU-8E7086A1,HOSP_A,A_POSITIVE,PLATELETS,2024-12-26,2024-12-31,DISPATCHED,REVIEW_REQUIRED,Shelf-A1,DON_00168
BU-33AF9069,BB_A,O_NEGATIVE,PLASMA,2024-10-06,2025-10-06,DISPATCHED,FAILED,Fridge-1,DON_00700
BU-B54E0B21,HOSP_B,A_POSITIVE,WHOLE_BLOOD,2024-12-01,2025-01-05,RECEIVED,PASSED,Shelf-C1,DON_00028
BU-6658880C,HOSP_A,A_POSITIVE,RBC,2024-12-29,2025-02-09,AVAILABLE,PASSED,Fridge-2,DON_00340
BU-1452261D,HOSP_B,A_POSITIVE,PLASMA,2024-07-22,2025-07-22,AVAILABLE,FAILED,Platelet-Agitator-1,DON_00613
BU-C5C778FC,HOSP_E,AB_POSITIVE,PLASMA,2024-02-08,2025-02-07,AVAILABLE,FAILED,Fridge-1,DON_00226
BU-F2690842,BB_A,O_POSITIVE,RBC,2024-11-20,2025-01-01,AVAILABLE,REVIEW_REQUIRED,Shelf-A1,DON_00280
BU-8A837899,HOSP_E,A_POSITIVE,PLATELETS,2024-12-31,2025-01-05,AVAILABLE,FAILED,Shelf-A2,DON_00569
BU-8C2BBF45,HOSP_D,O_POSITIVE,RBC,2024-11-30,2025-01-11,AVAILABLE,PASSED,Platelet-Agitator-1,DON_00320
BU-7818A191,HOSP_C,A_POSITIVE,RBC,2024-11-28,2025-01-09,USED,REVIEW_REQUIRED,Platelet-Agitator-1,DON_00478
BU-DC58F152,HOSP_A,A_POSITIVE,RBC,2024-12-28,2025-02-08,DISPATCHED,PASSED,Shelf-B2,DON_00241
BU-51C4996F,HOSP_E,O_POSITIVE,WHOLE_BLOOD,2024-12-10,2025-01-14,AVAILABLE,REVIEW_REQUIRED,Shelf-B2,DON_00266
BU-1328BB0B,HOSP_A,A_POSITIVE,WHOLE_BLOOD,2024-12-05,2025-01-09,AVAILABLE,PENDING,Shelf-B2,DON_00216
BU-A3264A12,BB_B,O_POSITIVE,PLATELETS,2024-12-31,2025-01-05,DISPATCHED,PASSED,Platelet-Agitator-1,DON_00447
BU-75DDE359,BB_A,O_POSITIVE,PLATELETS,2024-12-26,2024-12-31,AVAILABLE,FAILED,Fridge-2,DON_00710
BU-097D2ABA,BB_A,A_POSITIVE,WHOLE_BLOOD,2024-12-11,2025-01-15,USED,PASSED,Platelet-Agitator-1,DON_00046
BU-06DF86E1,HOSP_E,B_POSITIVE,RBC,2024-12-22,2025-02-02,USED,PENDING,Fridge-1,DON_00292
BU-0144B68A,HOSP_D,O_NEGATIVE,PLASMA,2024-02-03,2025-02-02,EXPIRED,FAILED,Shelf-A1,DON_00359
BU-4A6A2073,HOSP_C,O_POSITIVE,WHOLE_BLOOD,2024-12-12,2025-01-16,USED,PENDING,Shelf-C1,DON_00054
BU-B988E7A4,BB_A,AB_NEGATIVE,PLASMA,2024-06-06,2025-06-06,AVAILABLE,PASSED,Shelf-A1,DON_00106
BU-3ECEF9F8,HOSP_B,O_POSITIVE,RBC,2024-12-24,2025-02-04,RESERVED,FAILED,Platelet-Agitator-1,DON_00326
BU-7750408E,BB_B,A_NEGATIVE,RBC,2024-12-21,2025-02-01,AVAILABLE,PASSED,Platelet-Agitator-1,DON_00570
BU-90F90445,HOSP_E,B_POSITIVE,WHOLE_BLOOD,2024-12-24,2025-01-28,USED,PASSED,Fridge-2,DON_00183
BU-CA8BDAF7,HOSP_D,A_POSITIVE,RBC,2024-11-30,2025-01-11,AVAILABLE,REVIEW_REQUIRED,Shelf-B1,DON_00093
BU-1E6AA48D,HOSP_E,A_POSITIVE,PLASMA,2024-03-23,2025-03-23,DISPATCHED,FAILED,Fridge-1,DON_00225
BU-B5EE7BFB,HOSP_D,O_POSITIVE,WHOLE_BLOOD,2024-12-30,2025-02-03,AVAILABLE,PASSED,Shelf-B2,DON_00543
BU-E7884658,HOSP_C,A_POSITIVE,PLATELETS,2024-12-30,2025-01-04,EXPIRED,FAILED,Fridge-2,DON_00109
BU-79946DAF,HOSP_D,A_POSITIVE,PLASMA,2024-12-11,2025-12-11,QUARANTINED,REVIEW_REQUIRED,Shelf-B1,DON_00299
BU-7E7ABC3E,HOSP_A,O_POSITIVE,WHOLE_BLOOD,2024-12-18,2025-01-22,DISPATCHED,FAILED,Shelf-C1,DON_00277
BU-39CD827B,BB_B,O_POSITIVE,PLASMA,2024-09-28,2025-09-28,EXPIRED,PENDING,Shelf-C1,DON_00260
BU-B86B0AD6,HOSP_E,O_POSITIVE,RBC,2024-12-21,2025-02-01,USED,FAILED,Fridge-2,DON_00688
BU-9291FE2E,HOSP_B,A_POSITIVE,PLASMA,2024-01-30,2025-01-29,AVAILABLE,PASSED,Shelf-A1,DON_00633
BU-E6D88427,BB_A,B_POSITIVE,PLATELETS,2024-12-26,2024-12-31,RESERVED,PENDING,Fridge-1,DON_00041
BU-B786195E,BB_B,A_POSITIVE,PLATELETS,2024-12-30,2025-01-04,AVAILABLE,PENDING,Shelf-B1,DON_00207
BU-7EF84671,HOSP_A,A_POSITIVE,WHOLE_BLOOD,2024-12-17,2025-01-21,AVAILABLE,PENDING,Fridge-2,DON_00379
BU-C862D70E,BB_A,A_POSITIVE,PLATELETS,2024-12-29,2025-01-03,AVAILABLE,PASSED,Shelf-A2,DON_00113
BU-79A015D1,HOSP_C,O_POSITIVE,RBC,2024-12-31,2025-02-11,DISPATCHED,PASSED,Fridge-2,DON_00289
BU-90A56483,HOSP_A,O_NEGATIVE,PLATELETS,2024-12-26,2024-12-31,EXPIRED,PENDING,Fridge-1,DON_00271
BU-1FFF3129,HOSP_C,O_POSITIVE,PLATELETS,2024-12-28,2025-01-02,RESERVED,PASSED,Shelf-C1,DON_00673
BU-3EFD4CC0,BB_A,A_POSITIVE,PLATELETS,2024-12-29,2025-01-03,USED,PASSED,Fridge-3,DON_00053
BU-50257076,HOSP_A,A_POSITIVE,RBC,2024-12-22,2025-02-02,AVAILABLE,PASSED,Shelf-B1,DON_00135
BU-AC552AC6,HOSP_C,AB_NEGATIVE,WHOLE_BLOOD,2024-12-18,2025-01-22,USED,FAILED,Shelf-B1,DON_00043
BU-BD7A64A3,HOSP_A,O_POSITIVE,WHOLE_BLOOD,2024-12-26,2025-01-30,USED,PENDING,Fridge-3,DON_00083
BU-3C0ED865,HOSP_C,O_POSITIVE,PLASMA,2024-04-12,2025-04-12,AVAILABLE,PASSED,Shelf-B1,DON_00727
BU-146A99AF,BB_A,O_POSITIVE,RBC,2024-12-24,2025-02-04,EXPIRED,PASSED,Shelf-C1,DON_00736
BU-E1B937B1,HOSP_D,O_POSITIVE,PLATELETS,2024-12-30,2025-01-04,RESERVED,PASSED,Fridge-1,DON_00272
BU-AF1D5021,HOSP_E,A_POSITIVE,WHOLE_BLOOD,2024-12-05,2025-01-09,AVAILABLE,PENDING,Platelet-Agitator-1,DON_00697
BU-C584B72F,HOSP_C,O_POSITIVE,RBC,2024-12-21,2025-02-01,AVAILABLE,PASSED,Shelf-B1,DON_00544
BU-23F9E5D3,HOSP_E,A_NEGATIVE,PLASMA,2024-07-30,2025-07-30,EXPIRED,PASSED,Shelf-A1,DON_00366
BU-DFA4D8F4,HOSP_D,B_POSITIVE,WHOLE_BLOOD,2024-12-17,2025-01-21,QUARANTINED,REVIEW_REQUIRED,Fridge-1,DON_00025
BU-2BE865C9,BB_B,A_POSITIVE,RBC,2024-12-22,2025-02-02,RECEIVED,PASSED,Shelf-B2,DON_00185
BU-632F8BD3,HOSP_D,O_NEGATIVE,WHOLE_BLOOD,2024-12-28,2025-02-01,RECEIVED,FAILED,Shelf-C1,DON_00164
BU-11AE4F73,HOSP_B,O_POSITIVE,PLASMA,2024-01-31,2025-01-30,AVAILABLE,PENDING,Fridge-1,DON_00371
BU-FFCB9AF8,HOSP_D,O_POSITIVE,RBC,2024-12-12,2025-01-23,RESERVED,REVIEW_REQUIRED,Shelf-C1,DON_00676
BU-819BF70B,BB_B,O_POSITIVE,RBC,2024-12-17,2025-01-28,AVAILABLE,PASSED,Shelf-A2,DON_00469
BU-80C17088,BB_A,O_POSITIVE,PLASMA,2024-09-28,2025-09-28,QUARANTINED,FAILED,Fridge-1,DON_00705
BU-E958D0AB,HOSP_C,O_POSITIVE,PLATELETS,2024-12-29,2025-01-03,AVAILABLE,FAILED,Fridge-3,DON_00075
BU-6B345422,BB_B,O_POSITIVE,WHOLE_BLOOD,2024-12-02,2025-01-06,EXPIRED,PASSED,Shelf-A1,DON_00474
BU-D0AD090C,BB_A,A_POSITIVE,PLATELETS,2024-12-28,2025-01-02,RECEIVED,PASSED,Shelf-B2,DON_00585
BU-D4AF26EE,HOSP_C,A_POSITIVE,WHOLE_BLOOD,2024-11-27,2025-01-01,AVAILABLE,PASSED,Shelf-B2,DON_00565
BU-2E968907,BB_A,O_POSITIVE,WHOLE_BLOOD,2024-12-06,2025-01-10,RESERVED,PASSED,Shelf-B2,DON_00163
BU-4AF9B699,HOSP_A,O_NEGATIVE,RBC,2024-12-28,2025-02-08,AVAILABLE,FAILED,Shelf-B1,DON_00310
BU-C43D77A2,HOSP_D,B_NEGATIVE,WHOLE_BLOOD,2024-12-07,2025-01-11,EXPIRED,REVIEW_REQUIRED,Shelf-B2,DON_00777
BU-C285DB80,BB_A,A_POSITIVE,PLATELETS,2024-12-26,2024-12-31,RESERVED,FAILED,Shelf-A1,DON_00125
BU-9278094B,HOSP_A,O_POSITIVE,PLASMA,2024-01-01,2024-12-31,AVAILABLE,PASSED,Fridge-1,DON_00399
BU-F7A13392,HOSP_E,A_POSITIVE,PLATELETS,2024-12-30,2025-01-04,RESERVED,PASSED,Fridge-2,DON_00671
BU-B7B912D8,BB_A,A_POSITIVE,RBC,2024-12-20,2025-01-31,AVAILABLE,PENDING,Platelet-Agitator-1,DON_00005
BU-4EC59FED,HOSP_C,B_POSITIVE,PLASMA,2024-03-25,2025-03-25,EXPIRED,PASSED,Fridge-1,DON_00555
BU-3B443E59,HOSP_E,O_POSITIVE,PLATELETS,2024-12-27,2025-01-01,AVAILABLE,PASSED,Shelf-B1,DON_00632
BU-325976A4,HOSP_A,B_POSITIVE,RBC,2024-12-16,2025-01-27,RESERVED,REVIEW_REQUIRED,Shelf-C1,DON_00669
BU-D8385012,HOSP_A,A_POSITIVE,PLASMA,2024-01-31,2025-01-30,EXPIRED,PASSED,Shelf-B1,DON_00522
BU-16E37605,BB_A,A_POSITIVE,WHOLE_BLOOD,2024-12-28,2025-02-01,AVAILABLE,PASSED,Fridge-3,DON_00731
BU-7CD63933,HOSP_A,AB_POSITIVE,WHOLE_BLOOD,2024-12-19,2025-01-23,USED,PASSED,Fridge-1,DON_00288
BU-2BE3A1F9,HOSP_E,B_POSITIVE,WHOLE_BLOOD,2024-11-27,2025-01-01,AVAILABLE,PASSED,Shelf-A2,DON_00538
BU-11852A3D,HOSP_E,O_POSITIVE,RBC,2024-12-13,2025-01-24,EXPIRED,PASSED,Fridge-3,DON_00324
BU-DE5FB681,HOSP_B,O_NEGATIVE,WHOLE_BLOOD,2024-12-12,2025-01-16,USED,PENDING,Shelf-B1,DON_00008
BU-9D6651E3,HOSP_D,A_POSITIVE,WHOLE_BLOOD,2024-12-14,2025-01-18,DISPATCHED,PASSED,Shelf-C1,DON_00112
BU-28F2B521,HOSP_C,O_POSITIVE,WHOLE_BLOOD,2024-12-05,2025-01-09,USED,PASSED,Fridge-2,DON_00366
BU-BE2513C9,BB_B,O_POSITIVE,PLATELETS,2024-12-28,2025-01-02,RECEIVED,REVIEW_REQUIRED,Fridge-2,DON_00411
BU-DED84430,BB_B,O_POSITIVE,PLATELETS,2024-12-26,2024-12-31,USED,REVIEW_REQUIRED,Shelf-A2,DON_00249
BU-91BDA25F,HOSP_A,O_POSITIVE,RBC,2024-11-25,2025-01-06,EXPIRED,PENDING,Fridge-3,DON_00506
BU-819547F4,HOSP_B,AB_NEGATIVE,PLATELETS,2024-12-27,2025-01-01,QUARANTINED,REVIEW_REQUIRED,Fridge-1,DON_00256
BU-73BEBB57,BB_B,O_POSITIVE,PLATELETS,2024-12-26,2024-12-31,AVAILABLE,PASSED,Fridge-1,DON_00461
BU-BD884FBF,HOSP_E,A_POSITIVE,WHOLE_BLOOD,2024-12-24,2025-01-28,AVAILABLE,PASSED,Fridge-3,DON_00173
BU-E818C617,HOSP_E,O_POSITIVE,PLASMA,2024-07-14,2025-07-14,AVAILABLE,PENDING,Shelf-A2,DON_00782
BU-49944B1B,HOSP_A,A_NEGATIVE,WHOLE_BLOOD,2024-12-03,2025-01-07,AVAILABLE,PASSED,Fridge-2,DON_00121
BU-09E2A547,HOSP_B,B_POSITIVE,PLATELETS,2024-12-29,2025-01-03,AVAILABLE,PASSED,Shelf-A2,DON_00233
BU-A6B8F998,HOSP_E,A_POSITIVE,RBC,2024-12-30,2025-02-10,AVAILABLE,PASSED,Fridge-1,DON_00739
BU-27526A64,HOSP_E,O_NEGATIVE,WHOLE_BLOOD,2024-12-21,2025-01-25,RESERVED,PASSED,Shelf-A1,DON_00665
BU-82DF5056,HOSP_D,AB_NEGATIVE,PLATELETS,2024-12-26,2024-12-31,AVAILABLE,PASSED,Platelet-Agitator-1,DON_00445
BU-E04946C4,BB_A,O_POSITIVE,RBC,2024-12-16,2025-01-27,AVAILABLE,PENDING,Shelf-C1,DON_00751
BU-298E9049,HOSP_C,A_POSITIVE,PLATELETS,2024-12-29,2025-01-03,AVAILABLE,FAILED,Shelf-B2,DON_00229
BU-CB883461,HOSP_A,A_POSITIVE,PLATELETS,2024-12-31,2025-01-05,QUARANTINED,REVIEW_REQUIRED,Shelf-A1,DON_00123
BU-18587A4E,HOSP_E,O_NEGATIVE,PLATELETS,2024-12-29,2025-01-03,AVAILABLE,PASSED,Shelf-A1,DON_00145
BU-3A97E502,HOSP_A,O_NEGATIVE,PLASMA,2024-08-24,2025-08-24,QUARANTINED,REVIEW_REQUIRED,Fridge-1,DON_00568
BU-2CC9C6C7,BB_A,O_POSITIVE,PLASMA,2024-05-19,2025-05-19,RESERVED,PASSED,Shelf-A1,DON_00267
BU-96E5E6C4,HOSP_E,O_NEGATIVE,PLASMA,2024-02-14,2025-02-13,AVAILABLE,FAILED,Fridge-1,DON_00353
BU-3B2D217E,HOSP_A,O_POSITIVE,PLATELETS,2024-12-26,2024-12-31,USED,PASSED,Shelf-A2,DON_00174
BU-D71A4958,HOSP_C,O_POSITIVE,WHOLE_BLOOD,2024-11-28,2025-01-02,AVAILABLE,PASSED,Shelf-B1,DON_00792
BU-81BC8620,HOSP_C,A_POSITIVE,RBC,2024-12-09,2025-01-20,EXPIRED,PASSED,Shelf-C1,DON_00549
BU-ACA4061B,HOSP_D,A_NEGATIVE,WHOLE_BLOOD,2024-12-05,2025-01-09,AVAILABLE,PASSED,Platelet-Agitator-1,DON_00554
BU-8991C11A,BB_A,A_POSITIVE,PLASMA,2024-12-18,2025-12-18,QUARANTINED,FAILED,Fridge-2,DON_00552
BU-47C651AA,HOSP_C,A_NEGATIVE,PLASMA,2024-10-14,2025-10-14,DISPATCHED,PENDING,Fridge-2,DON_00697
BU-564353DB,BB_A,A_POSITIVE,PLATELETS,2024-12-31,2025-01-05,RESERVED,PASSED,Fridge-1,DON_00206
BU-F31C3598,HOSP_A,O_POSITIVE,WHOLE_BLOOD,2024-11-26,2024-12-31,EXPIRED,REVIEW_REQUIRED,Shelf-C1,DON_00156
BU-25F4DAC1,HOSP_E,A_POSITIVE,WHOLE_BLOOD,2024-11-26,2024-12-31,AVAILABLE,PASSED,Shelf-B2,DON_00219
BU-9F2D1CD0,HOSP_B,O_POSITIVE,PLASMA,2024-04-15,2025-04-15,AVAILABLE,PENDING,Shelf-B2,DON_00597
BU-91BA69D3,HOSP_A,A_NEGATIVE,WHOLE_BLOOD,2024-12-11,2025-01-15,RESERVED,PASSED,Platelet-Agitator-1,DON_00567
BU-01A107CC,BB_B,O_POSITIVE,RBC,2024-11-21,2025-01-02,QUARANTINED,REVIEW_REQUIRED,Shelf-B2,DON_00187
BU-72D31CCC,HOSP_C,O_POSITIVE,RBC,2024-11-29,2025-01-10,USED,PASSED,Fridge-3,DON_00546
BU-A47C6270,HOSP_B,A_POSITIVE,PLASMA,2024-10-05,2025-10-05,EXPIRED,FAILED,Shelf-B1,DON_00326
BU-BF2B0EA9,HOSP_A,A_POSITIVE,RBC,2024-11-19,2024-12-31,AVAILABLE,REVIEW_REQUIRED,Shelf-B1,DON_00175
BU-249EE0CC,BB_B,A_POSITIVE,WHOLE_BLOOD,2024-12-21,2025-01-25,AVAILABLE,PASSED,Shelf-A1,DON_00539
BU-EB24E4D9,BB_B,O_POSITIVE,WHOLE_BLOOD,2024-12-06,2025-01-10,AVAILABLE,PASSED,Shelf-B2,DON_00425
BU-E9286AB1,HOSP_D,A_POSITIVE,WHOLE_BLOOD,2024-12-06,2025-01-10,AVAILABLE,PASSED,Fridge-2,DON_00407
BU-BFD5F55F,HOSP_E,O_POSITIVE,PLATELETS,2024-12-26,2024-12-31,RECEIVED,PASSED,Shelf-B2,DON_00445
BU-ECCC824B,HOSP_B,A_POSITIVE,PLASMA,2024-07-19,2025-07-19,RESERVED,PASSED,Shelf-A1,DON_00069
BU-4FA24868,HOSP_A,A_NEGATIVE,RBC,2024-11-28,2025-01-09,RESERVED,PASSED,Shelf-C1,DON_00795
BU-CE6828F5,HOSP_D,B_NEGATIVE,PLATELETS,2024-12-27,2025-01-01,RESERVED,PASSED,Platelet-Agitator-1,DON_00494
BU-E2A5BE39,HOSP_D,A_POSITIVE,RBC,2024-12-23,2025-02-03,AVAILABLE,PASSED,Fridge-2,DON_00553
BU-201A0DB4,BB_A,AB_POSITIVE,PLASMA,2024-08-09,2025-08-09,EXPIRED,REVIEW_REQUIRED,Platelet-Agitator-1,DON_00206
BU-472F9606,BB_B,A_POSITIVE,PLASMA,2024-02-09,2025-02-08,DISPATCHED,PASSED,Shelf-B2,DON_00632
BU-F587F302,HOSP_E,B_POSITIVE,PLATELETS,2024-12-28,2025-01-02,RECEIVED,REVIEW_REQUIRED,Fridge-1,DON_00280
BU-CBDF2A08,HOSP_C,B_POSITIVE,WHOLE_BLOOD,2024-12-13,2025-01-17,AVAILABLE,REVIEW_REQUIRED,Fridge-1,DON_00569
BU-3FB732D7,BB_B,O_POSITIVE,WHOLE_BLOOD,2024-11-26,2024-12-31,RESERVED,PENDING,Shelf-B2,DON_00040
BU-31F67775,HOSP_A,O_POSITIVE,PLASMA,2024-12-02,2025-12-02,EXPIRED,PASSED,Shelf-A2,DON_00236
BU-2E12060F,HOSP_A,O_NEGATIVE,PLASMA,2024-09-26,2025-09-26,USED,PASSED,Shelf-B1,DON_00118
BU-92E2F29D,BB_A,A_POSITIVE,RBC,2024-12-03,2025-01-14,RESERVED,PASSED,Shelf-B2,DON_00110
BU-D0290158,HOSP_C,A_POSITIVE,WHOLE_BLOOD,2024-12-30,2025-02-03,AVAILABLE,PASSED,Platelet-Agitator-1,DON_00540
BU-71A0E5D7,HOSP_B,O_POSITIVE,PLATELETS,2024-12-30,2025-01-04,QUARANTINED,REVIEW_REQUIRED,Shelf-C1,DON_00238
BU-6AB5EB7C,HOSP_A,O_POSITIVE,RBC,2024-12-26,2025-02-06,AVAILABLE,FAILED,Shelf-A2,DON_00226
BU-6FC4BB9B,HOSP_E,B_POSITIVE,RBC,2024-12-06,2025-01-17,RESERVED,PENDING,Shelf-A1,DON_00090
BU-2D1F3FFB,HOSP_D,B_POSITIVE,RBC,2024-12-12,2025-01-23,QUARANTINED,REVIEW_REQUIRED,Shelf-A1,DON_00546
BU-9CC18D60,HOSP_A,B_POSITIVE,WHOLE_BLOOD,2024-12-24,2025-01-28,RESERVED,FAILED,Fridge-3,DON_00725
BU-9C54D74A,HOSP_D,B_POSITIVE,PLATELETS,2024-12-27,2025-01-01,RESERVED,PASSED,Shelf-B1,DON_00250
BU-258E8D0E,HOSP_C,O_POSITIVE,WHOLE_BLOOD,2024-12-24,2025-01-28,AVAILABLE,FAILED,Shelf-A1,DON_00381
BU-4AC9844C,BB_B,A_POSITIVE,PLASMA,2024-10-25,2025-10-25,AVAILABLE,PASSED,Fridge-3,DON_00630
BU-646DFA14,HOSP_C,A_POSITIVE,PLASMA,2024-09-21,2025-09-21,RECEIVED,PASSED,Platelet-Agitator-1,DON_00713
BU-B2411347,HOSP_C,B_POSITIVE,PLATELETS,2024-12-26,2024-12-31,AVAILABLE,REVIEW_REQUIRED,Fridge-3,DON_00512
BU-9B372960,HOSP_A,A_POSITIVE,WHOLE_BLOOD,2024-11-29,2025-01-03,AVAILABLE,PENDING,Platelet-Agitator-1,DON_00404
BU-6D3B12E4,HOSP_A,A_NEGATIVE,RBC,2024-12-20,2025-01-31,RESERVED,PASSED,Fridge-2,DON_00599
BU-B4B88563,HOSP_A,A_POSITIVE,PLASMA,2024-06-21,2025-06-21,EXPIRED,FAILED,Shelf-A2,DON_00709
BU-2F4C8232,BB_A,O_POSITIVE,PLATELETS,2024-12-29,2025-01-03,QUARANTINED,REVIEW_REQUIRED,Fridge-3,DON_00171
BU-40A4AF5D,HOSP_E,O_POSITIVE,PLASMA,2024-05-29,2025-05-29,QUARANTINED,FAILED,Fridge-1,DON_00518
BU-3174BC07,HOSP_D,O_POSITIVE,WHOLE_BLOOD,2024-12-23,2025-01-27,QUARANTINED,FAILED,Shelf-A2,DON_00754
BU-0C1A8DC5,HOSP_B,AB_POSITIVE,PLASMA,2024-05-20,2025-05-20,DISPATCHED,PASSED,Shelf-C1,DON_00024
BU-1DBB8F6A,HOSP_A,O_POSITIVE,RBC,2024-12-16,2025-01-27,EXPIRED,PASSED,Fridge-2,DON_00630
BU-3709C9B9,HOSP_A,B_POSITIVE,RBC,2024-12-22,2025-02-02,AVAILABLE,PASSED,Shelf-B2,DON_00267
BU-FD177AC3,HOSP_E,A_POSITIVE,RBC,2024-11-26,2025-01-07,AVAILABLE,FAILED,Platelet-Agitator-1,DON_00555
BU-0A1443B8,BB_A,O_POSITIVE,PLATELETS,2024-12-28,2025-01-02,RECEIVED,PASSED,Fridge-2,DON_00295
BU-7C075F91,BB_A,A_POSITIVE,RBC,2024-12-13,2025-01-24,EXPIRED,PASSED,Shelf-A1,DON_00103
BU-0F965C2B,HOSP_E,O_POSITIVE,RBC,2024-11-20,2025-01-01,EXPIRED,PASSED,Fridge-3,DON_00359
BU-B1DBDBFA,HOSP_D,A_POSITIVE,WHOLE_BLOOD,2024-12-07,2025-01-11,QUARANTINED,REVIEW_REQUIRED,Shelf-C1,DON_00708
BU-E4B8BF7F,BB_A,O_POSITIVE,PLATELETS,2024-12-26,2024-12-31,AVAILABLE,REVIEW_REQUIRED,Shelf-B2,DON_00561
BU-27720B69,HOSP_E,O_POSITIVE,PLATELETS,2024-12-28,2025-01-02,QUARANTINED,REVIEW_REQUIRED,Shelf-A1,DON_00424
BU-520513AF,HOSP_E,O_NEGATIVE,PLASMA,2024-06-11,2025-06-11,QUARANTINED,REVIEW_REQUIRED,Shelf-B2,DON_00040
BU-CF1F5033,HOSP_D,A_POSITIVE,PLATELETS,2024-12-29,2025-01-03,DISPATCHED,PASSED,Fridge-3,DON_00186
BU-91E892A8,BB_B,AB_POSITIVE,RBC,2024-11-27,2025-01-08,DISPATCHED,FAILED,Fridge-2,DON_00687
BU-BDD1BD11,BB_B,O_POSITIVE,WHOLE_BLOOD,2024-11-29,2025-01-03,USED,PASSED,Shelf-C1,DON_00734
BU-1C8C228D,BB_B,A_POSITIVE,PLASMA,2024-08-12,2025-08-12,RECEIVED,PASSED,Shelf-B2,DON_00452
BU-4D0619E4,HOSP_A,B_POSITIVE,RBC,2024-12-16,2025-01-27,EXPIRED,PASSED,Shelf-A1,DON_00209
BU-33A1A3DA,BB_B,O_POSITIVE,PLASMA,2024-11-05,2025-11-05,RESERVED,PASSED,Platelet-Agitator-1,DON_00322
BU-ED86D428,BB_A,A_POSITIVE,PLASMA,2024-09-03,2025-09-03,USED,PASSED,Shelf-A2,DON_00708
BU-972B9B16,BB_B,O_POSITIVE,PLATELETS,2024-12-26,2024-12-31,DISPATCHED,PASSED,Fridge-1,DON_00666
BU-8BE4CE9D,HOSP_B,A_NEGATIVE,WHOLE_BLOOD,2024-12-24,2025-01-28,EXPIRED,PENDING,Shelf-B2,DON_00647
BU-07901EAB,HOSP_D,A_NEGATIVE,WHOLE_BLOOD,2024-12-23,2025-01-27,AVAILABLE,FAILED,Fridge-1,DON_00570
BU-0118FDA5,HOSP_A,O_POSITIVE,RBC,2024-12-03,2025-01-14,QUARANTINED,REVIEW_REQUIRED,Shelf-C1,DON_00138
BU-88134597,HOSP_D,A_POSITIVE,WHOLE_BLOOD,2024-12-05,2025-01-09,AVAILABLE,FAILED,Shelf-A2,DON_00553
BU-68C94F60,BB_A,B_POSITIVE,RBC,2024-12-31,2025-02-11,RECEIVED,PASSED,Fridge-1,DON_00526
BU-D835877D,BB_B,B_POSITIVE,WHOLE_BLOOD,2024-11-27,2025-01-01,USED,PENDING,Shelf-C1,DON_00548
BU-1579CDFA,HOSP_A,O_POSITIVE,PLATELETS,2024-12-30,2025-01-04,QUARANTINED,FAILED,Platelet-Agitator-1,DON_00501
BU-9AA484F9,HOSP_D,O_POSITIVE,WHOLE_BLOOD,2024-12-05,2025-01-09,AVAILABLE,PASSED,Shelf-C1,DON_00703
BU-4C239612,HOSP_E,A_POSITIVE,PLASMA,2024-07-28,2025-07-28,RECEIVED,REVIEW_REQUIRED,Shelf-B2,DON_00529
BU-11722A01,HOSP_D,A_POSITIVE,RBC,2024-12-06,2025-01-17,AVAILABLE,PASSED,Fridge-3,DON_00714
BU-9870111A,BB_A,O_POSITIVE,RBC,2024-12-31,2025-02-11,RECEIVED,PENDING,Shelf-C1,DON_00330
BU-431D0128,HOSP_C,A_POSITIVE,RBC,2024-12-03,2025-01-14,USED,PENDING,Fridge-2,DON_00706
BU-B79747BF,HOSP_A,A_NEGATIVE,PLASMA,2024-08-02,2025-08-02,AVAILABLE,PASSED,Shelf-B2,DON_00782
